region,year,top_tier_home_value,mid_tier_home_value,bottom_tier_home_value,single_family_home_value,condo_coop_value
Alabama; AL,1996,163482.17,84351.08,36224.17,84251.25,96611.33
Alabama; AL,1997,168579.75,86876.17,37607.08,86722.92,100420.75
Alabama; AL,1998,177163.58,91511.92,40065.75,91374.08,103465.5
Alabama; AL,1999,183041.58,95076.83,41941.5,95001.92,104273.17
Alabama; AL,2000,189973.33,98756.92,43918.75,98671.92,108479.67
Alabama; AL,2001,197526.83,102748.83,45918.83,102651.83,113395.08
Alabama; AL,2002,201745.5,105349.42,47118.67,105237.25,117073.33
Alabama; AL,2003,207845.33,108494.83,48421.17,108349.92,122439.25
Alabama; AL,2004,215303.58,112361.92,50085.0,112168.92,129708.92
Alabama; AL,2005,226471.5,117912.0,52794.17,117648.5,140474.42
Alabama; AL,2006,243560.08,127098.5,57214.25,126777.67,152910.5
Alabama; AL,2007,253205.17,132637.83,60214.5,132274.67,161598.75
Alabama; AL,2008,250259.25,131710.33,59947.25,131391.83,160244.5
Alabama; AL,2009,239537.67,126461.5,57533.08,126207.33,150072.58
Alabama; AL,2010,229395.0,121339.5,55153.17,121256.5,131590.17
Alabama; AL,2011,219575.75,115664.67,52475.0,115613.5,121503.67
Alabama; AL,2012,216293.33,113744.25,51821.83,113639.75,120744.67
Alabama; AL,2013,219403.08,115177.08,52564.5,114970.25,125438.33
Alabama; AL,2014,223742.5,117386.0,53672.17,117138.33,128213.58
Alabama; AL,2015,228062.17,119957.58,54855.83,119670.08,132435.83
Alabama; AL,2016,233298.42,123093.58,56291.42,122749.92,137642.42
Alabama; AL,2017,239904.58,127158.92,58306.58,126825.08,143111.42
Alabama; AL,2018,249854.58,133191.58,61229.75,132745.67,157392.92
Alabama; AL,2019,260084.33,139701.0,64416.5,139121.75,174220.08
Alabama; AL,2020,276295.83,150485.0,69894.42,149812.58,187002.25
Alabama; AL,2021,299446.6,164138.4,77557.2,163414.4,203096.8
Alaska; AK,1996,194921.08,128521.33,74392.42,132103.08,114718.5
Alaska; AK,1997,198951.92,132443.5,76175.25,135753.75,119104.58
Alaska; AK,1998,202136.33,139046.17,78611.83,140080.67,123751.17
Alaska; AK,1999,210653.5,150665.17,84048.67,150568.17,129055.42
Alaska; AK,2000,214095.67,153402.75,85192.0,154518.25,121274.75
Alaska; AK,2001,240626.75,170010.25,95721.75,173241.92,118033.58
Alaska; AK,2002,259751.0,182853.17,102779.67,186389.75,126287.92
Alaska; AK,2003,272731.17,192397.58,108268.5,195877.5,133371.75
Alaska; AK,2004,292035.67,207509.92,116938.08,211420.0,141939.25
Alaska; AK,2005,318512.5,226816.75,127956.75,231288.17,155418.92
Alaska; AK,2006,345181.67,246524.25,139688.92,251061.5,170923.17
Alaska; AK,2007,361892.25,260755.75,148560.5,265385.17,181774.5
Alaska; AK,2008,366885.0,265734.0,151575.92,270808.33,183418.67
Alaska; AK,2009,364465.67,265327.83,151426.25,270414.33,183739.17
Alaska; AK,2010,364200.33,265652.08,151987.58,270663.5,184201.5
Alaska; AK,2011,359010.25,262641.75,150736.83,268064.58,181230.17
Alaska; AK,2012,364150.25,266393.08,152710.5,272269.67,184555.17
Alaska; AK,2013,374046.92,273614.92,157122.33,280475.17,188773.5
Alaska; AK,2014,384437.17,281793.0,162243.75,289046.83,194280.42
Alaska; AK,2015,396088.17,291121.17,168501.08,299092.58,197456.67
Alaska; AK,2016,401542.5,296423.08,171802.5,304735.75,198969.92
Alaska; AK,2017,401855.25,297900.42,173572.92,306691.75,196851.83
Alaska; AK,2018,405115.5,299957.92,174731.5,309103.42,197582.42
Alaska; AK,2019,425466.33,311129.17,183805.75,321777.58,206414.08
Alaska; AK,2020,430110.67,294979.33,189185.83,308423.25,215585.92
Alaska; AK,2021,437597.4,296250.2,191710.8,309934.4,223737.8
Arizona; AZ,1996,184590.75,111060.5,69899.33,113264.33,79662.92
Arizona; AZ,1997,191990.83,115799.17,73390.0,118084.75,83011.42
Arizona; AZ,1998,200731.17,121196.17,77292.0,123629.25,86538.0
Arizona; AZ,1999,211789.5,127920.92,81922.42,130619.67,90268.83
Arizona; AZ,2000,225122.08,135932.25,87362.75,138855.25,94811.25
Arizona; AZ,2001,237836.0,143540.17,92891.92,146656.5,99030.67
Arizona; AZ,2002,249798.25,150860.42,98186.0,154138.33,103273.42
Arizona; AZ,2003,264627.5,159638.83,104256.5,163120.17,109037.75
Arizona; AZ,2004,290988.58,174576.67,114236.75,178457.0,118670.33
Arizona; AZ,2005,380237.67,226922.75,146859.83,232374.17,152231.0
Arizona; AZ,2006,458879.42,276225.33,179049.25,282749.67,185042.42
Arizona; AZ,2007,439459.33,263973.92,175994.92,269707.83,181178.0
Arizona; AZ,2008,369769.17,219253.58,146760.42,223755.17,155446.92
Arizona; AZ,2009,301596.0,175595.33,113792.83,179190.17,125126.58
Arizona; AZ,2010,276702.92,158990.5,102006.33,162843.83,107356.08
Arizona; AZ,2011,248847.67,140907.0,89607.5,144709.33,91201.33
Arizona; AZ,2012,265133.75,151284.5,96848.42,155534.67,96260.92
Arizona; AZ,2013,305571.5,178156.42,116402.75,183142.0,113458.25
Arizona; AZ,2014,326357.5,192981.5,127808.42,198382.58,122566.25
Arizona; AZ,2015,338873.33,202522.25,135088.0,208157.58,128552.92
Arizona; AZ,2016,355871.17,215947.75,145197.25,221867.25,136951.75
Arizona; AZ,2017,374827.17,230860.58,156699.92,236880.25,148208.42
Arizona; AZ,2018,400067.58,248478.67,170093.33,254605.58,162352.25
Arizona; AZ,2019,421482.92,263366.08,181937.92,269467.67,175343.92
Arizona; AZ,2020,457509.25,288277.0,200379.08,294536.0,193610.92
Arizona; AZ,2021,522689.8,329216.6,229173.0,335830.0,219425.4
Arkansas; AR,1996,134726.08,70054.67,31097.92,69880.75,86153.5
Arkansas; AR,1997,138712.67,72424.0,32345.17,72246.75,87581.75
Arkansas; AR,1998,142597.5,75291.33,34051.92,75107.0,89858.67
Arkansas; AR,1999,145390.25,77184.08,35389.17,76997.58,91355.83
Arkansas; AR,2000,149779.58,79736.0,36796.5,79544.08,93940.08
Arkansas; AR,2001,156409.5,83414.42,38827.83,83214.92,97945.42
Arkansas; AR,2002,160867.17,85854.17,40196.08,85651.75,100393.92
Arkansas; AR,2003,167116.33,89555.42,42083.08,89343.08,104783.33
Arkansas; AR,2004,176696.42,94530.75,44748.17,94309.25,110177.42
Arkansas; AR,2005,189307.08,101521.5,48374.33,101282.83,118501.33
Arkansas; AR,2006,200768.67,108293.58,51650.08,108029.67,128312.92
Arkansas; AR,2007,203721.75,110980.67,53017.42,110698.08,134065.5
Arkansas; AR,2008,201487.0,110604.08,52908.75,110334.17,132712.75
Arkansas; AR,2009,194382.58,106836.08,51332.92,106627.25,125031.42
Arkansas; AR,2010,191834.42,105296.92,50537.83,105091.58,123159.92
Arkansas; AR,2011,187146.75,102303.33,49270.33,102121.83,119290.42
Arkansas; AR,2012,188814.0,103245.58,49802.67,103063.17,120335.92
Arkansas; AR,2013,192455.17,105574.5,50966.0,105374.92,124410.0
Arkansas; AR,2014,194519.75,107123.0,51758.83,106932.08,125221.92
Arkansas; AR,2015,198451.17,109753.67,53124.58,109567.33,127465.67
Arkansas; AR,2016,204245.58,113530.33,54952.67,113336.75,131181.5
Arkansas; AR,2017,211332.75,118230.67,57192.5,118020.42,136647.92
Arkansas; AR,2018,219484.25,123708.83,59877.17,123493.42,140939.17
Arkansas; AR,2019,227219.08,128819.67,62532.0,128580.08,147284.17
Arkansas; AR,2020,241763.67,137188.5,66116.25,136940.25,154002.75
Arkansas; AR,2021,259104.0,143977.8,68352.4,143623.6,169455.4
California; CA,1996,297362.67,162071.08,94543.42,164189.83,146554.0
California; CA,1997,306321.33,164996.17,95962.25,167348.83,147970.0
California; CA,1998,334791.67,177996.75,103110.0,180511.58,161044.92
California; CA,1999,366985.08,194055.67,111699.75,196637.08,177355.42
California; CA,2000,414848.92,217711.58,124317.92,220392.42,200621.92
California; CA,2001,473999.42,248212.75,141294.92,251009.67,230898.42
California; CA,2002,521466.25,279351.92,159611.25,282628.17,260248.33
California; CA,2003,595007.17,325781.67,187363.83,329843.33,302436.75
California; CA,2004,712566.83,397012.0,229844.17,402148.17,367172.42
California; CA,2005,853469.25,482355.58,284801.08,489522.17,439148.0
California; CA,2006,922576.42,527273.58,315379.83,535872.58,473498.25
California; CA,2007,884382.0,504295.33,300459.0,512489.58,453099.67
California; CA,2008,746444.42,411708.83,239589.33,416721.0,382790.0
California; CA,2009,632656.75,336579.25,188028.5,339246.0,324177.92
California; CA,2010,631836.75,334618.17,184980.17,338000.25,317151.33
California; CA,2011,595434.42,315413.17,174826.17,319480.92,292053.75
California; CA,2012,596303.67,313983.25,174971.67,318603.75,285833.08
California; CA,2013,705258.17,374307.33,210479.25,379633.17,342294.75
California; CA,2014,785221.92,422107.0,242720.0,428014.67,387115.5
California; CA,2015,835644.08,446898.08,258897.33,452941.17,410700.42
California; CA,2016,894681.75,479506.42,279179.67,485970.08,440381.08
California; CA,2017,952207.42,513245.75,301276.0,520299.75,470637.92
California; CA,2018,1030046.83,551319.58,325673.83,558242.0,508996.5
California; CA,2019,1037737.5,559861.0,334444.25,567489.5,512769.08
California; CA,2020,1077842.0,586382.33,351824.67,595487.25,528626.67
California; CA,2021,1178455.4,645841.2,390965.8,658350.2,564443.2
Colorado; CO,1996,236135.08,143299.0,90039.25,147280.08,109527.58
Colorado; CO,1997,247126.92,150778.83,95931.17,154787.42,115447.0
Colorado; CO,1998,261213.0,159588.92,102259.92,163718.67,122824.0
Colorado; CO,1999,285278.67,173875.42,111862.08,178405.58,134134.92
Colorado; CO,2000,318614.83,194040.75,124637.08,199030.67,150739.42
Colorado; CO,2001,355461.08,217135.42,139052.42,222619.25,169827.25
Colorado; CO,2002,372011.08,228444.58,146768.17,234115.25,178910.92
Colorado; CO,2003,377326.5,232801.08,150246.58,238590.17,181091.58
Colorado; CO,2004,385937.33,237746.83,153897.75,243787.5,183891.17
Colorado; CO,2005,399641.17,244705.08,158810.75,251064.75,187416.67
Colorado; CO,2006,411818.17,250275.75,162697.58,256884.33,189802.5
Colorado; CO,2007,415816.58,250740.0,162899.92,257454.92,188950.0
Colorado; CO,2008,405162.33,242517.17,156216.08,249002.5,182815.5
Colorado; CO,2009,391892.92,235226.25,150962.75,241660.75,176279.83
Colorado; CO,2010,386325.0,233360.83,150335.25,239924.33,173155.25
Colorado; CO,2011,372566.92,224565.67,144012.42,231153.25,164608.67
Colorado; CO,2012,379006.08,229147.5,146957.58,236010.75,166528.17
Colorado; CO,2013,407159.25,247881.58,159317.25,255395.92,179210.92
Colorado; CO,2014,436548.67,267284.42,172305.92,275278.25,193914.92
Colorado; CO,2015,477567.17,296180.42,191532.92,304612.83,218312.5
Colorado; CO,2016,521800.25,327897.75,212911.67,336695.42,246729.67
Colorado; CO,2017,561748.67,356980.75,233665.83,365889.0,273138.0
Colorado; CO,2018,601782.5,384246.33,254180.33,393118.08,297135.75
Colorado; CO,2019,626613.5,400681.42,267719.42,409845.67,309184.17
Colorado; CO,2020,648687.92,418518.25,280932.42,428702.42,316031.58
Colorado; CO,2021,713015.6,462008.8,310553.0,473303.2,339193.2
Connecticut; CT,1996,282114.25,151440.17,88310.5,159791.08,98044.75
Connecticut; CT,1997,281869.5,151258.25,88343.58,159737.92,95434.0
Connecticut; CT,1998,292979.42,157106.5,92410.33,165993.58,97509.83
Connecticut; CT,1999,310763.42,165940.58,98351.5,175397.92,102041.42
Connecticut; CT,2000,339262.5,179702.5,107373.83,189846.58,110536.42
Connecticut; CT,2001,370145.75,195577.42,117470.5,206299.58,122856.58
Connecticut; CT,2002,407094.83,216150.75,130064.92,227819.5,138642.17
Connecticut; CT,2003,453963.5,242321.58,145849.75,255211.58,157359.58
Connecticut; CT,2004,503480.17,271052.67,163740.92,284970.92,177002.83
Connecticut; CT,2005,561430.08,304501.08,185320.17,319413.67,199762.0
Connecticut; CT,2006,596919.33,326241.0,201444.92,341684.67,216568.83
Connecticut; CT,2007,588423.08,323474.33,202295.42,338285.5,218494.75
Connecticut; CT,2008,553228.17,303830.17,190363.58,317956.33,206349.08
Connecticut; CT,2009,509273.42,280214.08,174921.17,293556.08,190518.33
Connecticut; CT,2010,486777.17,269065.08,167970.33,282214.58,181986.33
Connecticut; CT,2011,459621.25,253353.92,157669.83,266318.33,169235.0
Connecticut; CT,2012,434991.75,238579.08,148206.83,251179.42,158340.0
Connecticut; CT,2013,442907.92,243297.25,150791.5,256963.25,157163.25
Connecticut; CT,2014,447714.17,245178.58,152173.58,259390.42,156241.08
Connecticut; CT,2015,445189.83,243911.58,152105.17,258192.5,154175.33
Connecticut; CT,2016,443035.08,244138.75,153216.67,258559.0,153098.42
Connecticut; CT,2017,449040.25,250598.92,158384.75,265485.83,155874.92
Connecticut; CT,2018,455974.42,257183.75,163865.92,272388.08,159794.83
Connecticut; CT,2019,456856.42,259964.08,167411.67,275106.58,162492.08
Connecticut; CT,2020,469004.58,269092.92,175787.0,285211.5,169808.5
Connecticut; CT,2021,523060.8,300311.4,197843.6,318904.2,183450.6
Delaware; DE,1996,216587.42,134582.83,83764.5,134710.25,145845.42
Delaware; DE,1997,221379.92,137947.08,86166.75,138111.0,148830.58
Delaware; DE,1998,224645.25,140308.75,87884.17,140500.67,149712.17
Delaware; DE,1999,234226.83,146475.33,92181.42,146699.67,154231.5
Delaware; DE,2000,248946.83,155053.83,98043.75,155277.08,163371.17
Delaware; DE,2001,264290.42,164241.75,104360.25,164470.17,171384.0
Delaware; DE,2002,283710.17,175588.0,111900.17,175820.75,182884.67
Delaware; DE,2003,312324.58,192249.75,122503.83,192464.33,201254.58
Delaware; DE,2004,351014.92,214976.67,136944.5,215247.67,225903.0
Delaware; DE,2005,400750.25,248113.17,158778.08,248375.58,259041.75
Delaware; DE,2006,438876.83,274467.75,176956.42,274699.17,289111.17
Delaware; DE,2007,443871.08,280474.67,183527.42,280644.25,295980.75
Delaware; DE,2008,422287.67,269160.08,177846.42,269313.0,284218.25
Delaware; DE,2009,390880.08,250701.5,165713.0,250801.67,267031.33
Delaware; DE,2010,377825.08,242324.42,160000.67,242488.67,247834.5
Delaware; DE,2011,354682.33,226352.08,147760.75,226534.17,228872.83
Delaware; DE,2012,337183.33,214412.5,138670.83,214642.08,213560.08
Delaware; DE,2013,340380.67,213973.17,138247.08,214169.67,215752.83
Delaware; DE,2014,354040.33,223510.58,145371.58,223701.33,226356.25
Delaware; DE,2015,360138.0,230391.67,150329.42,230611.83,231898.92
Delaware; DE,2016,370166.17,238631.83,156809.0,238945.25,235216.92
Delaware; DE,2017,376886.08,245287.75,162479.33,245751.58,236271.75
Delaware; DE,2018,389724.75,254698.58,169473.67,255242.33,243010.0
Delaware; DE,2019,397642.33,261349.17,175305.58,261870.58,251590.17
Delaware; DE,2020,406377.0,268576.67,180617.92,268734.0,267770.5
Delaware; DE,2021,448623.8,294588.6,197704.0,294485.8,296419.2
District of Columbia; DC,1996,287112.42,161475.42,92372.25,190972.92,126199.17
District of Columbia; DC,1997,284581.08,160256.0,92097.92,190042.75,124238.17
District of Columbia; DC,1998,298706.75,166008.08,96655.75,197439.67,127831.08
District of Columbia; DC,1999,325743.5,177389.08,105508.58,209306.0,139634.92
District of Columbia; DC,2000,374662.5,198880.83,119772.83,232351.0,160614.25
District of Columbia; DC,2001,416050.08,217035.25,132102.75,248868.42,184571.33
District of Columbia; DC,2002,478936.25,249230.92,151781.83,279798.08,223059.67
District of Columbia; DC,2003,547938.42,291528.17,176641.75,325431.5,263619.92
District of Columbia; DC,2004,630617.17,342180.75,207468.08,381858.08,309044.17
District of Columbia; DC,2005,743340.67,412513.25,253917.0,462378.75,369868.83
District of Columbia; DC,2006,806239.17,455068.42,285392.92,517320.75,399301.42
District of Columbia; DC,2007,806229.08,453843.0,289734.17,520581.25,391462.17
District of Columbia; DC,2008,789545.33,440997.17,283252.67,501711.83,385984.42
District of Columbia; DC,2009,750970.83,417794.0,267356.08,467073.58,372832.83
District of Columbia; DC,2010,746364.92,417794.58,263186.92,464480.83,373716.92
District of Columbia; DC,2011,738003.42,413204.83,256576.17,454682.67,373720.58
District of Columbia; DC,2012,756466.17,423672.58,260905.75,472278.17,377106.25
District of Columbia; DC,2013,822664.5,468783.83,288194.0,530034.92,404672.83
District of Columbia; DC,2014,883895.33,516363.5,315626.67,597493.5,422758.25
District of Columbia; DC,2015,901721.42,525364.42,323869.83,603318.92,432417.25
District of Columbia; DC,2016,934293.25,548806.33,337419.17,633967.67,440818.08
District of Columbia; DC,2017,972335.67,575798.83,355008.25,665731.83,455678.58
District of Columbia; DC,2018,998625.67,597502.5,369091.75,698076.25,463243.67
District of Columbia; DC,2019,1040475.58,620944.5,386611.58,735013.92,470955.08
District of Columbia; DC,2020,1075183.33,643018.33,401570.75,739001.5,469885.08
District of Columbia; DC,2021,1146027.0,678431.2,418760.6,774551.8,473508.0
Florida; FL,1996,186099.83,101367.25,58118.25,104801.5,84367.0
Florida; FL,1997,189468.67,103488.17,59488.67,107154.5,85795.42
Florida; FL,1998,196180.0,107430.58,61958.25,111406.67,88610.33
Florida; FL,1999,203567.67,111585.25,64538.58,115934.33,91527.0
Florida; FL,2000,215972.25,118338.83,68585.33,123078.5,96535.92
Florida; FL,2001,234708.0,128336.42,74434.83,133238.83,105247.33
Florida; FL,2002,259077.75,141370.5,81846.58,146153.58,118322.92
Florida; FL,2003,289768.75,157836.75,91347.25,162375.92,134805.92
Florida; FL,2004,332921.42,180844.58,105157.33,185650.83,156038.0
Florida; FL,2005,412500.5,224067.83,130612.58,229727.0,194731.17
Florida; FL,2006,489602.25,269156.08,157297.17,276137.17,233171.83
Florida; FL,2007,469179.25,259192.42,152957.67,266274.83,223930.33
Florida; FL,2008,387490.67,214154.83,127125.17,220863.58,181649.0
Florida; FL,2009,313073.0,170430.92,100354.5,176704.42,139982.33
Florida; FL,2010,288807.25,154853.75,89786.67,161437.75,122623.0
Florida; FL,2011,266211.33,140530.75,80672.17,146483.83,111408.75
Florida; FL,2012,266895.17,140511.58,80786.5,146087.5,112958.42
Florida; FL,2013,295166.08,157136.0,90991.42,163002.17,127703.58
Florida; FL,2014,324140.08,174843.92,102169.92,181237.0,143012.75
Florida; FL,2015,343522.42,187741.83,110642.08,194510.08,153534.92
Florida; FL,2016,366726.0,203940.75,121444.5,211546.42,165069.33
Florida; FL,2017,387258.92,219705.67,132646.08,228725.0,174058.08
Florida; FL,2018,406713.5,234698.0,143473.33,245024.5,182451.83
Florida; FL,2019,419637.75,244992.5,151160.5,256181.67,187939.92
Florida; FL,2020,436745.17,256976.08,159788.75,269005.5,195329.42
Florida; FL,2021,474945.6,280428.0,175422.4,293742.6,209666.4
Georgia; GA,1996,192501.5,104571.0,54565.08,104820.42,99913.92
Georgia; GA,1997,200756.08,109459.58,57350.83,109656.42,106278.08
Georgia; GA,1998,212375.75,116063.67,61301.08,116146.17,115312.5
Georgia; GA,1999,225484.5,123307.42,65357.83,123186.25,127446.5
Georgia; GA,2000,241331.92,132284.33,70074.42,131975.17,141749.08
Georgia; GA,2001,256973.17,141858.0,75180.83,141468.67,153610.0
Georgia; GA,2002,267322.83,148367.25,78685.17,147990.42,159867.0
Georgia; GA,2003,274312.08,152721.0,81337.5,152396.42,162823.75
Georgia; GA,2004,282763.83,157287.33,84495.67,157024.33,165601.0
Georgia; GA,2005,294391.33,163141.83,88423.25,162956.58,169345.08
Georgia; GA,2006,308119.42,169660.17,92544.33,169590.42,172841.83
Georgia; GA,2007,316091.0,173369.42,95044.58,173377.33,174752.08
Georgia; GA,2008,304028.58,166396.67,91306.17,166434.33,166618.33
Georgia; GA,2009,273528.25,149139.67,80959.92,149163.83,149528.75
Georgia; GA,2010,256579.67,138840.08,74759.42,138890.67,138512.33
Georgia; GA,2011,235083.0,125571.0,67502.67,125741.17,122092.83
Georgia; GA,2012,230813.75,122013.5,65869.17,122285.92,116032.75
Georgia; GA,2013,248245.42,131795.0,71741.83,132016.5,126987.75
Georgia; GA,2014,269780.92,144470.5,79188.5,144578.42,142590.83
Georgia; GA,2015,283621.92,153074.67,84167.92,153073.08,153794.92
Georgia; GA,2016,299152.33,162323.75,89402.0,162172.58,166117.92
Georgia; GA,2017,316160.92,172958.92,95596.75,172624.33,180535.83
Georgia; GA,2018,338857.42,188056.42,104557.42,187561.92,199152.58
Georgia; GA,2019,354914.42,200317.42,112113.25,199861.25,210363.08
Georgia; GA,2020,368369.08,212082.42,119420.83,211996.83,213930.33
Georgia; GA,2021,400358.2,233780.4,132129.2,234050.2,229021.4
Hawaii; HI,1996,440417.83,237975.92,139435.08,254471.5,186987.83
Hawaii; HI,1997,409925.08,224384.25,132266.58,240232.42,171310.5
Hawaii; HI,1998,396948.42,218855.0,128747.17,237295.0,161349.75
Hawaii; HI,1999,392082.5,213913.42,124581.0,236506.75,150135.33
Hawaii; HI,2000,410868.0,221900.92,129091.58,246517.08,154550.92
Hawaii; HI,2001,434277.42,234839.67,136321.67,261067.0,161642.92
Hawaii; HI,2002,466512.42,253070.42,146734.0,281612.17,174421.67
Hawaii; HI,2003,530156.33,289297.08,167702.17,322995.42,197784.08
Hawaii; HI,2004,636495.75,352921.58,204535.5,393658.42,239211.42
Hawaii; HI,2005,785297.08,443888.5,257679.75,494149.08,297676.25
Hawaii; HI,2006,910407.0,521876.42,305440.42,579506.08,349990.25
Hawaii; HI,2007,921301.5,530891.42,312028.17,587701.17,357547.25
Hawaii; HI,2008,895622.92,518818.58,303337.0,573964.83,363281.33
Hawaii; HI,2009,803930.83,472143.67,275369.58,523366.67,340804.83
Hawaii; HI,2010,786555.58,466397.0,270013.33,518358.33,333138.17
Hawaii; HI,2011,778422.5,464285.58,269218.25,518036.58,321054.17
Hawaii; HI,2012,766273.67,462515.17,267605.42,516804.67,312511.17
Hawaii; HI,2013,798129.58,487106.42,282852.92,546202.17,332373.67
Hawaii; HI,2014,853396.92,525579.92,306871.33,594146.42,380715.0
Hawaii; HI,2015,883433.58,547042.92,319207.67,617622.92,395862.67
Hawaii; HI,2016,913993.33,571075.67,333810.17,645513.75,410460.17
Hawaii; HI,2017,960231.33,604945.0,354196.42,684917.0,433104.08
Hawaii; HI,2018,998495.75,631821.0,369502.25,716908.17,450914.25
Hawaii; HI,2019,1004071.58,639869.33,375414.92,723738.0,455655.0
Hawaii; HI,2020,1017493.5,652658.17,381272.33,737083.5,456381.83
Hawaii; HI,2021,1102467.0,701703.4,401996.8,799419.8,473981.4
Idaho; ID,1996,213095.42,123329.75,73715.42,123172.5,147318.08
Idaho; ID,1997,217012.42,126220.08,75356.83,126093.42,142195.42
Idaho; ID,1998,220405.67,128341.33,76654.0,128249.25,141254.58
Idaho; ID,1999,222409.08,129878.67,77680.25,129795.42,140865.0
Idaho; ID,2000,226660.58,132422.5,79370.0,132324.0,142986.92
Idaho; ID,2001,234111.25,137381.83,82537.67,137252.17,148976.83
Idaho; ID,2002,238916.5,141326.08,84616.08,141204.75,151831.75
Idaho; ID,2003,244699.67,144935.0,87248.33,144816.33,153246.0
Idaho; ID,2004,255321.75,151393.58,91517.0,151277.17,159075.42
Idaho; ID,2005,282234.83,167127.75,102071.92,166957.0,177859.25
Idaho; ID,2006,324861.08,192210.83,120503.08,191992.17,206144.0
Idaho; ID,2007,336970.75,201999.25,129704.33,201825.25,214444.42
Idaho; ID,2008,330663.67,199577.25,129626.0,199400.5,211375.0
Idaho; ID,2009,293323.08,177509.58,116750.67,177313.25,191856.25
Idaho; ID,2010,264250.25,161046.17,106021.92,160878.25,173305.17
Idaho; ID,2011,239791.42,145340.5,94952.17,145196.33,155887.33
Idaho; ID,2012,248595.58,150646.83,98701.0,150548.42,157804.67
Idaho; ID,2013,275989.17,169098.58,111627.17,169123.0,167489.67
Idaho; ID,2014,288746.17,178200.08,118023.08,178246.42,175207.17
Idaho; ID,2015,301459.17,186947.17,124332.58,187026.33,182221.58
Idaho; ID,2016,323440.25,202384.08,135270.33,202520.83,194450.33
Idaho; ID,2017,349279.0,220723.58,148091.33,220871.25,212200.33
Idaho; ID,2018,389850.42,248999.67,167162.75,249212.25,237298.42
Idaho; ID,2019,431297.33,278479.83,188121.25,278791.58,261541.58
Idaho; ID,2020,476720.33,311132.67,208380.5,311844.08,279286.08
Idaho; ID,2021,567759.8,368796.4,237997.8,370138.2,310943.6
Illinois; IL,1996,253417.08,139539.0,68365.42,139979.92,131684.0
Illinois; IL,1997,252936.83,139434.5,68740.25,139819.5,132559.83
Illinois; IL,1998,236247.5,130218.0,65120.17,130361.5,127021.25
Illinois; IL,1999,255972.67,140461.0,70713.17,140602.5,136597.83
Illinois; IL,2000,275923.0,150471.25,75886.08,150505.5,147790.75
Illinois; IL,2001,299041.0,162357.83,81681.83,162248.33,161512.08
Illinois; IL,2002,321570.92,174504.92,87507.33,174260.0,175922.58
Illinois; IL,2003,343628.83,187136.75,93332.5,187004.92,188047.17
Illinois; IL,2004,368727.08,201460.17,100214.08,201568.17,200050.67
Illinois; IL,2005,399681.25,218066.33,108182.08,218425.75,214539.0
Illinois; IL,2006,425078.92,232076.25,114886.33,232686.17,226169.83
Illinois; IL,2007,426264.42,233874.25,116440.5,234563.0,227263.17
Illinois; IL,2008,399244.33,219955.75,111207.5,220337.5,215825.17
Illinois; IL,2009,354511.17,194551.92,100099.92,194545.42,194059.17
Illinois; IL,2010,332296.17,181838.5,94175.75,181991.42,180383.33
Illinois; IL,2011,305587.17,165760.58,86334.17,166453.75,158839.17
Illinois; IL,2012,289655.75,155523.42,80977.33,156665.5,143704.0
Illinois; IL,2013,303318.17,161374.25,83346.25,162507.67,149619.25
Illinois; IL,2014,320817.0,171268.83,88226.42,172177.25,162069.83
Illinois; IL,2015,327803.0,176580.67,91369.08,177270.17,169709.75
Illinois; IL,2016,336351.83,183419.75,95109.42,184019.17,177354.83
Illinois; IL,2017,348770.17,192780.58,99941.08,193307.33,187372.08
Illinois; IL,2018,357828.75,200515.67,104237.83,201022.08,195280.25
Illinois; IL,2019,359604.5,204413.67,106673.67,205001.33,198445.92
Illinois; IL,2020,365570.58,210957.25,110872.67,211843.25,202317.58
Illinois; IL,2021,386192.8,225363.2,119578.0,226885.0,215087.0
Indiana; IN,1996,187955.08,109776.17,51984.5,108456.33,109358.67
Indiana; IN,1997,182542.83,105807.08,52859.33,104307.58,100610.33
Indiana; IN,1998,184959.08,106792.25,54896.33,105848.08,105878.58
Indiana; IN,1999,185090.67,105619.92,55886.75,105266.67,112191.83
Indiana; IN,2000,183075.33,102085.92,55120.92,101745.58,113641.33
Indiana; IN,2001,188370.42,105759.92,57126.25,105411.42,117222.75
Indiana; IN,2002,190604.5,107370.17,58003.08,107014.58,118664.08
Indiana; IN,2003,193198.25,109099.33,58881.5,108779.5,119480.42
Indiana; IN,2004,197943.75,112025.17,60432.92,111719.92,122160.5
Indiana; IN,2005,206904.83,118220.25,64990.33,118059.17,124115.5
Indiana; IN,2006,211030.83,121103.33,66756.75,120992.0,125265.42
Indiana; IN,2007,213481.17,122838.42,67749.92,122732.75,126937.17
Indiana; IN,2008,212461.92,122368.33,67375.42,122273.5,126120.92
Indiana; IN,2009,206873.83,118962.25,65297.58,118878.75,122188.0
Indiana; IN,2010,204067.0,117434.33,64292.25,117347.58,120721.25
Indiana; IN,2011,199019.5,114050.42,62261.25,114026.5,115308.5
Indiana; IN,2012,198619.67,113444.75,61830.08,113471.33,113014.33
Indiana; IN,2013,202165.08,115112.08,62614.0,115164.33,114004.17
Indiana; IN,2014,209046.0,119024.67,64740.58,119077.58,118003.75
Indiana; IN,2015,214951.0,122675.42,66874.92,122760.75,120657.0
Indiana; IN,2016,222136.33,127376.75,69178.33,127467.42,125054.17
Indiana; IN,2017,233373.75,134817.83,73141.33,134922.08,132058.42
Indiana; IN,2018,247771.58,144513.0,78687.5,144643.83,141078.92
Indiana; IN,2019,261406.25,154033.0,84423.08,154204.92,149583.08
Indiana; IN,2020,275643.17,163942.83,90402.75,164174.67,158256.42
Indiana; IN,2021,297272.0,178069.2,99290.0,178443.2,170493.8
Iowa; IA,1996,148654.75,81813.83,42056.0,81241.33,91819.25
Iowa; IA,1997,151833.75,83950.5,43259.17,83356.83,93188.17
Iowa; IA,1998,155468.17,86017.83,44953.83,85490.42,95873.67
Iowa; IA,1999,162635.17,90236.5,47556.25,89811.83,98525.92
Iowa; IA,2000,170412.83,95075.67,50317.5,94724.58,102025.0
Iowa; IA,2001,177060.25,99495.25,52893.42,99217.83,105706.83
Iowa; IA,2002,183522.08,103615.75,54936.75,103407.75,108821.33
Iowa; IA,2003,190667.33,107862.33,57064.67,107761.67,111342.25
Iowa; IA,2004,197972.08,112217.5,59446.08,112254.25,113531.17
Iowa; IA,2005,205801.42,117497.5,62306.58,117735.33,116027.0
Iowa; IA,2006,212476.67,121923.75,64804.08,122266.25,119157.25
Iowa; IA,2007,215844.25,124375.42,66359.08,124864.08,119758.92
Iowa; IA,2008,215653.75,124569.42,66665.83,125189.08,118075.17
Iowa; IA,2009,212390.33,122966.83,65885.0,123650.58,115205.33
Iowa; IA,2010,211462.75,122424.58,65627.42,123148.5,113976.58
Iowa; IA,2011,207127.17,119500.0,64222.08,120245.25,110692.83
Iowa; IA,2012,208066.17,119945.25,64408.0,120764.92,110174.17
Iowa; IA,2013,214470.5,123305.83,66176.42,124225.67,112129.33
Iowa; IA,2014,220016.33,126640.92,67993.83,127632.42,114569.0
Iowa; IA,2015,226615.25,130518.75,70202.25,131564.75,117845.42
Iowa; IA,2016,235129.08,135473.17,72808.33,136614.25,121849.58
Iowa; IA,2017,244616.75,141336.08,76003.0,142550.58,126605.42
Iowa; IA,2018,252697.42,146779.58,78963.92,148026.83,131504.0
Iowa; IA,2019,260606.08,152121.25,82004.17,153484.83,135291.5
Iowa; IA,2020,266564.0,156293.58,84725.17,157616.83,140432.17
Iowa; IA,2021,275590.2,161782.6,87828.8,162976.0,148481.6
Kansas; KS,1996,147995.75,76940.33,37529.08,76926.58,73661.0
Kansas; KS,1997,154641.5,79871.58,38882.17,79845.42,75643.58
Kansas; KS,1998,161127.08,82890.58,40207.67,82869.75,78414.5
Kansas; KS,1999,168658.67,87034.92,42137.92,87011.92,81975.92
Kansas; KS,2000,176935.83,91194.25,43827.17,91185.08,85450.67
Kansas; KS,2001,186280.83,96913.5,46529.25,96938.08,89054.17
Kansas; KS,2002,192669.17,100424.5,48145.42,100450.58,91767.42
Kansas; KS,2003,196511.0,103011.92,49210.0,103049.58,93759.0
Kansas; KS,2004,204344.42,107945.08,51736.08,107991.42,98215.17
Kansas; KS,2005,214409.83,114103.25,55234.5,114146.67,104707.58
Kansas; KS,2006,220975.0,117481.0,56867.5,117529.0,111349.67
Kansas; KS,2007,227358.0,121267.83,58654.5,121336.17,114750.08
Kansas; KS,2008,229018.5,122365.83,58910.75,122430.08,116158.17
Kansas; KS,2009,226860.33,121760.5,58376.25,121831.42,115192.58
Kansas; KS,2010,225478.25,121116.83,57994.5,121197.42,113368.25
Kansas; KS,2011,218390.75,117224.0,56071.33,117330.42,106882.42
Kansas; KS,2012,216869.25,116356.83,55471.0,116489.0,102798.33
Kansas; KS,2013,221303.83,118006.17,55859.75,118148.17,102909.0
Kansas; KS,2014,226516.17,120271.75,56603.42,120422.92,104836.67
Kansas; KS,2015,234420.83,124592.25,58682.42,124758.17,108322.58
Kansas; KS,2016,244365.33,129563.08,60735.67,129727.17,114148.25
Kansas; KS,2017,255618.17,135764.92,63431.42,135949.33,117545.5
Kansas; KS,2018,268772.33,142840.33,66490.67,143012.25,125481.08
Kansas; KS,2019,278925.33,149032.92,69303.25,149204.42,131833.33
Kansas; KS,2020,294856.5,169960.5,80074.25,170395.67,134677.58
Kansas; KS,2021,318901.0,171944.6,81937.4,172440.8,142058.6
Kentucky; KY,1996,142239.92,77570.67,36172.67,77147.08,88574.0
Kentucky; KY,1997,147569.67,80867.5,37841.25,80450.25,91554.58
Kentucky; KY,1998,153580.92,85231.92,40370.67,84837.25,94808.92
Kentucky; KY,1999,159920.17,88813.67,42403.5,88378.5,99694.58
Kentucky; KY,2000,166995.42,92832.42,44526.0,92391.75,103887.17
Kentucky; KY,2001,175469.67,97892.25,47099.08,97497.17,107073.33
Kentucky; KY,2002,180883.33,101174.08,48806.67,100772.17,110473.5
Kentucky; KY,2003,186219.58,104421.08,50425.83,104015.92,113909.08
Kentucky; KY,2004,191925.08,107736.58,52204.58,107324.17,117589.25
Kentucky; KY,2005,199185.0,112129.92,54531.25,111767.0,120653.5
Kentucky; KY,2006,205509.33,115912.0,56501.92,115559.08,124145.33
Kentucky; KY,2007,207827.5,117690.25,57496.33,117324.42,126235.25
Kentucky; KY,2008,207426.67,117324.83,57441.33,116965.42,125821.08
Kentucky; KY,2009,205465.33,116002.67,56815.67,115653.08,124642.67
Kentucky; KY,2010,203594.67,115101.58,56458.08,114774.83,123001.75
Kentucky; KY,2011,197916.33,111540.5,54759.42,111281.25,117892.75
Kentucky; KY,2012,197018.92,110948.67,54614.67,110762.0,115337.67
Kentucky; KY,2013,200519.17,112510.08,55356.92,112344.58,116400.42
Kentucky; KY,2014,205606.67,115070.08,56743.0,114920.42,118496.33
Kentucky; KY,2015,211949.75,118890.5,58782.67,118815.83,120254.42
Kentucky; KY,2016,220967.0,124212.5,61479.08,124167.67,124817.25
Kentucky; KY,2017,232859.92,131463.92,65091.33,131415.08,132103.92
Kentucky; KY,2018,244537.33,138978.83,68926.33,138918.92,139634.67
Kentucky; KY,2019,253896.83,145523.42,72363.08,145511.25,144899.92
Kentucky; KY,2020,265465.0,153199.17,76370.17,153213.08,151985.42
Kentucky; KY,2021,284415.2,163837.2,81379.0,163878.4,161928.0
Louisiana; LA,1996,157621.5,84856.33,40837.42,84952.5,67928.75
Louisiana; LA,1997,164769.0,88964.33,43163.92,88933.25,76293.08
Louisiana; LA,1998,170863.33,94188.42,46165.5,94319.33,80638.17
Louisiana; LA,1999,179998.75,99669.58,49066.17,99728.0,93419.58
Louisiana; LA,2000,188079.83,104522.67,51856.17,104587.75,98805.25
Louisiana; LA,2001,197788.42,110155.42,55005.25,110205.17,105544.42
Louisiana; LA,2002,205026.25,115043.83,57603.42,115079.0,111381.17
Louisiana; LA,2003,211288.67,119058.92,59892.0,119041.92,118037.58
Louisiana; LA,2004,221464.92,124808.5,63127.42,124758.33,125502.0
Louisiana; LA,2005,234534.75,131956.75,66069.08,131892.58,133904.08
Louisiana; LA,2006,256310.75,144642.0,72293.92,144544.0,147974.67
Louisiana; LA,2007,266121.67,151052.17,75399.67,150924.67,155956.67
Louisiana; LA,2008,265690.58,151908.75,76382.42,151782.58,156387.67
Louisiana; LA,2009,261760.0,150517.58,76406.83,150460.17,151687.67
Louisiana; LA,2010,259678.67,149871.92,76611.58,149903.42,148557.42
Louisiana; LA,2011,253617.92,145493.58,74981.58,145613.0,141952.33
Louisiana; LA,2012,253482.5,144909.08,74946.08,145127.17,138260.5
Louisiana; LA,2013,257740.0,146834.83,76023.17,147046.75,140161.0
Louisiana; LA,2014,263796.42,150009.75,78024.42,150261.33,141635.08
Louisiana; LA,2015,269765.33,153562.17,80378.25,153823.58,145370.75
Louisiana; LA,2016,276482.92,157563.08,82922.75,157822.67,148986.0
Louisiana; LA,2017,282728.42,161778.42,85476.75,162090.08,150220.17
Louisiana; LA,2018,288470.75,165666.42,87928.83,166043.5,151263.0
Louisiana; LA,2019,289040.33,166597.08,88754.67,167011.42,150116.08
Louisiana; LA,2020,295625.92,173062.17,93562.42,173577.92,152898.92
Louisiana; LA,2021,308942.6,182560.0,98960.6,183217.2,155548.0
Maine; ME,1996,181714.58,98330.92,56206.67,97631.42,102595.58
Maine; ME,1997,184465.58,100167.17,57624.42,99518.5,103629.17
Maine; ME,1998,187811.0,101707.67,58723.5,101125.75,104789.33
Maine; ME,1999,199284.67,108990.67,63339.83,108355.5,113391.33
Maine; ME,2000,218480.08,119949.58,69620.5,119268.92,124927.17
Maine; ME,2001,241786.0,133228.92,77294.33,132251.67,143254.58
Maine; ME,2002,269782.0,149021.0,85989.83,147684.33,165010.58
Maine; ME,2003,299898.0,166132.25,95218.92,164456.67,186885.5
Maine; ME,2004,339016.42,189225.5,108302.58,187361.83,212387.83
Maine; ME,2005,373961.42,211324.58,122364.58,209217.5,238110.42
Maine; ME,2006,383610.83,218034.5,127047.0,215819.08,246705.08
Maine; ME,2007,380322.08,217108.25,127704.75,214951.25,245303.58
Maine; ME,2008,369290.83,211116.5,125443.58,209178.33,235244.42
Maine; ME,2009,340869.83,196586.5,118585.42,195073.42,213005.75
Maine; ME,2010,329392.92,191219.33,114271.83,190004.83,201877.33
Maine; ME,2011,322322.58,187077.33,112289.25,186041.33,192639.5
Maine; ME,2012,316988.08,184285.08,111228.0,183228.58,197420.5
Maine; ME,2013,323941.08,187793.17,112589.33,186633.0,203569.58
Maine; ME,2014,326701.58,189452.5,113223.67,188229.25,206197.33
Maine; ME,2015,333064.67,194343.58,116651.42,193112.58,211335.25
Maine; ME,2016,347237.25,203609.42,121324.0,202193.75,223144.83
Maine; ME,2017,365213.83,216195.25,128055.25,214698.83,236670.92
Maine; ME,2018,386000.75,229494.17,135975.5,227877.5,251523.67
Maine; ME,2019,400240.42,239245.67,142207.83,237568.58,262185.5
Maine; ME,2020,426899.83,257330.92,152369.58,255536.0,280276.58
Maine; ME,2021,478939.8,287925.0,168530.2,286170.0,310389.8
Maryland; MD,1996,251570.25,151490.5,88590.67,155945.83,114987.42
Maryland; MD,1997,251809.58,152143.5,89168.33,156724.33,114400.5
Maryland; MD,1998,254489.0,153890.25,90411.92,158513.67,115045.0
Maryland; MD,1999,262050.25,157684.58,92854.5,162480.17,116927.83
Maryland; MD,2000,276949.42,164942.33,97246.58,169966.83,122166.17
Maryland; MD,2001,298590.25,175360.5,103298.83,180488.17,132093.33
Maryland; MD,2002,332561.92,193234.75,113065.83,198602.75,148441.08
Maryland; MD,2003,379644.58,219614.5,127240.08,225386.08,172289.17
Maryland; MD,2004,442101.92,256807.25,147652.75,263502.08,201921.17
Maryland; MD,2005,529945.33,311916.5,178897.0,320167.08,244826.58
Maryland; MD,2006,596617.33,357688.75,207690.42,367530.0,278149.5
Maryland; MD,2007,594943.5,361533.17,213351.25,371777.0,277940.33
Maryland; MD,2008,541372.42,331093.5,199458.42,340216.5,254773.75
Maryland; MD,2009,479590.42,289988.92,176151.17,297858.33,223416.08
Maryland; MD,2010,460342.33,274505.58,165440.17,282404.67,208238.92
Maryland; MD,2011,439824.83,258230.58,153972.83,265976.75,193120.25
Maryland; MD,2012,432296.83,252408.33,149872.17,260459.83,184361.5
Maryland; MD,2013,452686.83,264894.42,157169.67,273675.83,190365.83
Maryland; MD,2014,468111.08,276394.83,164491.25,285650.75,196966.42
Maryland; MD,2015,467829.83,278341.08,166434.0,287642.33,197921.75
Maryland; MD,2016,472992.92,284431.0,170300.83,294027.58,200607.83
Maryland; MD,2017,487587.08,295231.25,177518.92,305500.92,206140.25
Maryland; MD,2018,501353.83,305859.0,184782.58,316545.83,213479.67
Maryland; MD,2019,507931.75,312343.08,189734.58,322996.75,219826.08
Maryland; MD,2020,519828.33,322890.08,196580.08,332065.08,223745.42
Maryland; MD,2021,565256.4,352739.2,215038.2,362076.6,240682.4
Massachusetts; MA,1996,274943.83,156425.17,96137.5,162731.5,124231.33
Massachusetts; MA,1997,285022.08,161988.25,99882.92,168250.42,130402.25
Massachusetts; MA,1998,308065.17,174722.83,107992.17,181119.75,143066.83
Massachusetts; MA,1999,342930.75,194217.0,120174.08,201119.83,161103.5
Massachusetts; MA,2000,386660.0,219423.75,135210.75,226868.83,185023.67
Massachusetts; MA,2001,444327.25,253388.33,154743.67,261350.42,216683.17
Massachusetts; MA,2002,497127.92,288106.58,176352.0,297009.0,246464.33
Massachusetts; MA,2003,554684.25,326600.0,201512.42,337029.83,277160.67
Massachusetts; MA,2004,604674.67,359113.5,224013.42,370816.75,302655.25
Massachusetts; MA,2005,651168.17,388821.0,244575.42,401368.33,327018.58
Massachusetts; MA,2006,648468.67,387657.33,247204.17,399900.08,326655.5
Massachusetts; MA,2007,618502.83,369231.58,237170.33,380598.58,312010.17
Massachusetts; MA,2008,584567.42,346367.58,221743.08,357080.0,292683.67
Massachusetts; MA,2009,551037.5,323822.67,206052.33,333779.17,274373.67
Massachusetts; MA,2010,552460.25,325453.75,206834.67,335743.25,273827.75
Massachusetts; MA,2011,535111.92,312829.83,197697.33,322678.92,263163.92
Massachusetts; MA,2012,526384.33,306075.67,192447.25,315282.67,259167.67
Massachusetts; MA,2013,558361.08,325219.0,203932.25,334463.33,276755.58
Massachusetts; MA,2014,588090.17,342780.5,215246.33,351603.92,295713.17
Massachusetts; MA,2015,611100.58,355999.92,223496.42,364046.92,311739.0
Massachusetts; MA,2016,636727.92,373065.92,234031.75,380418.92,331089.83
Massachusetts; MA,2017,668496.33,394790.92,248864.5,401919.5,352534.33
Massachusetts; MA,2018,704345.75,417950.08,265346.67,425047.92,375837.5
Massachusetts; MA,2019,716767.58,427520.75,273632.5,434495.25,386007.17
Massachusetts; MA,2020,740634.67,447711.08,289029.17,455635.92,402975.92
Massachusetts; MA,2021,803205.0,492444.0,318856.8,504565.0,425387.4
Michigan; MI,1996,179631.5,94977.33,44556.92,92826.17,119689.17
Michigan; MI,1997,191944.08,102194.75,47858.08,99900.33,128228.0
Michigan; MI,1998,203272.92,109678.33,51815.83,107280.33,136229.17
Michigan; MI,1999,217065.25,117798.58,56234.42,115232.42,146070.5
Michigan; MI,2000,233729.25,127443.25,61239.58,124664.92,157746.33
Michigan; MI,2001,248154.33,135918.08,65830.0,133015.75,167281.33
Michigan; MI,2002,258067.75,141871.08,69022.42,138839.25,174618.58
Michigan; MI,2003,265766.92,146596.58,71924.75,143557.58,179294.17
Michigan; MI,2004,274849.83,152035.25,75208.17,149015.33,184303.25
Michigan; MI,2005,282069.67,156262.92,77918.33,153307.58,187488.75
Michigan; MI,2006,282516.92,156721.25,78687.75,153861.42,186704.58
Michigan; MI,2007,266435.17,149024.83,75301.5,146428.58,176173.33
Michigan; MI,2008,238545.92,133484.83,66420.67,131167.0,158010.42
Michigan; MI,2009,205417.67,113045.83,54377.92,111117.08,133036.83
Michigan; MI,2010,193898.75,104858.33,49530.67,103279.67,119619.0
Michigan; MI,2011,186134.17,98331.17,45780.83,96880.33,111652.58
Michigan; MI,2012,190798.42,99553.08,46285.0,97967.42,115123.08
Michigan; MI,2013,211397.92,110745.67,51885.25,108774.08,131644.25
Michigan; MI,2014,232638.33,123556.5,58653.25,121115.75,150770.67
Michigan; MI,2015,242896.5,130700.25,62589.0,128124.92,159483.5
Michigan; MI,2016,255483.67,139258.08,67026.75,136545.83,169190.58
Michigan; MI,2017,272990.42,150807.92,73276.33,147960.5,181946.33
Michigan; MI,2018,292078.17,163419.5,80544.17,160419.33,196110.25
Michigan; MI,2019,305457.08,173152.33,86384.08,170185.5,204808.17
Michigan; MI,2020,317334.25,182131.58,91912.33,179758.83,206022.75
Michigan; MI,2021,343646.4,199961.8,104589.8,198001.0,218610.2
Minnesota; MN,1996,173906.08,104708.17,60428.92,106293.75,77999.25
Minnesota; MN,1997,181206.92,109669.42,63494.75,111279.42,82526.42
Minnesota; MN,1998,190969.83,116330.08,67776.0,117970.0,88136.83
Minnesota; MN,1999,208659.08,127825.92,74959.5,129544.58,96604.92
Minnesota; MN,2000,232823.08,143209.0,85072.83,145012.42,109294.58
Minnesota; MN,2001,262849.0,162473.33,97383.92,164377.5,126430.08
Minnesota; MN,2002,288599.58,179199.08,107811.17,181211.25,141640.33
Minnesota; MN,2003,312392.67,194557.25,117296.25,196704.33,154594.42
Minnesota; MN,2004,336610.83,209948.67,126700.67,212386.75,164864.5
Minnesota; MN,2005,358710.33,224211.92,135308.92,226893.67,173211.83
Minnesota; MN,2006,367654.92,230161.17,139054.75,232937.25,175395.08
Minnesota; MN,2007,360625.08,226102.0,136981.92,228883.0,170567.0
Minnesota; MN,2008,334202.42,209187.5,128363.67,211835.25,156212.75
Minnesota; MN,2009,305550.83,190685.83,117895.75,193216.25,139487.0
Minnesota; MN,2010,297120.67,185290.42,114639.5,187917.5,130917.58
Minnesota; MN,2011,274201.58,169732.58,105872.92,172312.67,114789.08
Minnesota; MN,2012,271081.25,167438.75,104843.92,170149.75,108612.92
Minnesota; MN,2013,294098.58,182374.92,113956.58,185292.08,120535.0
Minnesota; MN,2014,314072.75,196369.0,122727.42,199391.92,133042.0
Minnesota; MN,2015,322929.42,203510.25,127691.58,206492.25,140187.17
Minnesota; MN,2016,338086.0,215497.0,135416.17,218592.58,148704.67
Minnesota; MN,2017,357279.0,230127.08,145027.5,233354.58,159971.67
Minnesota; MN,2018,377339.83,245660.75,155138.08,248991.92,172494.83
Minnesota; MN,2019,391188.33,257143.25,163189.67,260543.33,181980.75
Minnesota; MN,2020,407702.92,269583.75,171295.08,273071.67,191626.83
Minnesota; MN,2021,438146.4,290559.6,182845.2,294365.4,201651.4
Mississippi; MS,1996,128331.25,73257.17,37280.58,73108.67,86606.0
Mississippi; MS,1997,132291.42,75538.33,38499.42,75376.67,89125.83
Mississippi; MS,1998,139236.58,78968.33,40423.5,78797.33,93657.92
Mississippi; MS,1999,144357.33,80137.08,42027.33,79940.83,101117.83
Mississippi; MS,2000,150059.83,83019.25,43257.92,82799.83,105657.5
Mississippi; MS,2001,157457.92,87302.25,45585.17,87078.75,108832.83
Mississippi; MS,2002,161384.33,89713.5,46929.5,89485.75,110694.58
Mississippi; MS,2003,166304.25,92424.33,48482.0,92189.0,113125.08
Mississippi; MS,2004,172072.08,95540.92,50330.25,95298.17,116642.83
Mississippi; MS,2005,181573.5,100933.75,53298.25,100705.42,124526.67
Mississippi; MS,2006,196511.42,109214.92,57317.5,108970.92,136067.42
Mississippi; MS,2007,207336.5,114867.33,60071.42,114623.17,140837.5
Mississippi; MS,2008,204976.75,113365.0,58906.75,113116.33,139902.5
Mississippi; MS,2009,197455.67,109531.17,57009.33,109302.83,133892.08
Mississippi; MS,2010,192453.83,106628.5,55634.33,106428.42,127154.08
Mississippi; MS,2011,188848.17,104394.58,54649.67,104223.33,121341.17
Mississippi; MS,2012,186956.42,103252.75,54193.75,103094.83,118329.17
Mississippi; MS,2013,186281.83,102481.42,54057.92,102321.25,117410.25
Mississippi; MS,2014,188139.0,103480.83,54926.33,103323.58,118012.58
Mississippi; MS,2015,195018.83,107804.75,57521.08,107647.92,122375.92
Mississippi; MS,2016,199256.0,110614.0,59221.0,110462.58,125052.58
Mississippi; MS,2017,204863.33,114181.42,61283.08,114026.42,128995.75
Mississippi; MS,2018,211498.58,118301.17,63668.08,118130.58,134676.25
Mississippi; MS,2019,219410.5,123204.5,66554.83,123028.75,139972.25
Mississippi; MS,2020,228276.83,129302.0,69710.08,129126.58,147022.5
Mississippi; MS,2021,239210.6,137756.0,74267.2,137611.4,150220.2
Missouri; MO,1996,155816.0,84459.92,44432.25,84219.42,86362.5
Missouri; MO,1997,160874.92,87368.58,45917.33,87310.58,88440.67
Missouri; MO,1998,166666.08,90692.0,47810.75,90691.58,90442.0
Missouri; MO,1999,174570.25,94915.42,49995.92,94854.17,96603.25
Missouri; MO,2000,184077.5,100379.42,52766.92,100304.5,102500.5
Missouri; MO,2001,195601.33,107487.5,56641.25,107342.0,111476.17
Missouri; MO,2002,207141.17,114754.92,60502.33,114479.83,122171.75
Missouri; MO,2003,218903.75,121859.08,64402.25,121501.75,131193.33
Missouri; MO,2004,230361.75,128470.83,68340.67,128034.08,139557.17
Missouri; MO,2005,241027.33,134862.67,72300.33,134367.67,147095.75
Missouri; MO,2006,250008.83,140392.0,75641.92,139897.83,152602.83
Missouri; MO,2007,252039.83,142289.67,77032.0,141844.83,153287.42
Missouri; MO,2008,245362.25,139034.92,75142.5,138665.92,148351.58
Missouri; MO,2009,235054.17,133286.5,71625.33,132990.33,140857.92
Missouri; MO,2010,229450.08,130249.5,69763.33,130047.92,135907.75
Missouri; MO,2011,216700.42,122517.58,65325.33,122425.17,126044.17
Missouri; MO,2012,212398.33,119912.58,63775.58,119973.08,120099.5
Missouri; MO,2013,218250.25,122703.17,64865.92,122833.17,121307.58
Missouri; MO,2014,225269.25,126472.5,66932.33,126655.75,123963.92
Missouri; MO,2015,232312.42,130787.67,69292.92,131044.67,126739.42
Missouri; MO,2016,243036.92,137190.67,72743.83,137509.33,131781.25
Missouri; MO,2017,256055.0,145335.08,77304.33,145709.75,138804.92
Missouri; MO,2018,269010.33,154091.67,82562.42,154586.58,145058.75
Missouri; MO,2019,280298.5,161762.5,87213.25,162362.75,150807.67
Missouri; MO,2020,292110.0,170225.75,92693.08,171034.75,155602.67
Missouri; MO,2021,318386.2,185970.2,101291.2,186931.8,167188.8
Montana; MT,2001,238452.64,135824.36,81036.45,135376.82,155436.45
Montana; MT,2002,245951.25,141462.08,84159.58,141031.17,159743.75
Montana; MT,2003,261923.58,150294.83,89741.08,149806.25,169360.5
Montana; MT,2004,285153.5,165006.5,98363.25,164460.75,185996.33
Montana; MT,2005,312122.0,183534.58,110031.42,183264.0,193342.08
Montana; MT,2006,340024.67,200235.83,121264.83,199995.08,208793.08
Montana; MT,2007,360441.67,212119.08,129122.83,211833.42,221229.0
Montana; MT,2008,364513.25,216026.83,132764.58,215778.25,221834.33
Montana; MT,2009,351844.0,211717.0,130680.17,211327.25,219196.17
Montana; MT,2010,339119.58,205707.08,127403.25,205409.5,210927.42
Montana; MT,2011,326606.67,199166.75,123340.42,198862.25,204078.17
Montana; MT,2012,329459.5,201709.0,125292.58,201379.17,207510.92
Montana; MT,2013,343646.25,210768.25,131131.33,210450.33,214886.25
Montana; MT,2014,359262.5,221130.75,137274.42,220876.17,221218.25
Montana; MT,2015,371620.25,230573.75,143303.58,230357.42,228267.83
Montana; MT,2016,383480.08,238243.67,149144.17,238027.5,237669.17
Montana; MT,2017,401254.0,249825.17,156414.42,249473.08,254908.17
Montana; MT,2018,424129.5,264293.17,166013.83,263826.17,274492.25
Montana; MT,2019,446785.75,279088.17,175414.58,278564.75,291524.58
Montana; MT,2020,480253.17,301036.75,187924.92,300342.67,316738.17
Montana; MT,2021,544660.4,336586.0,202326.8,335228.6,359523.0
Nebraska; NE,1996,145484.75,86006.42,47119.0,85839.58,99236.67
Nebraska; NE,1997,153405.83,90711.58,49972.92,90572.92,102145.67
Nebraska; NE,1998,161566.08,95623.33,52898.17,95550.5,105355.58
Nebraska; NE,1999,171292.17,100004.42,55121.25,99986.42,107939.17
Nebraska; NE,2000,178777.33,102963.17,57340.42,102920.08,111302.25
Nebraska; NE,2001,180364.25,105945.0,59297.83,105902.75,114503.42
Nebraska; NE,2002,184050.92,109474.08,61406.0,109432.17,118033.08
Nebraska; NE,2003,191423.58,114263.92,64156.0,114232.75,121829.5
Nebraska; NE,2004,200078.83,120089.5,67636.25,120060.83,127484.83
Nebraska; NE,2005,207869.67,125085.5,70500.58,125063.17,131211.33
Nebraska; NE,2006,213888.75,128926.75,72678.0,128901.08,135426.17
Nebraska; NE,2007,215143.67,129917.67,73394.33,129885.83,136830.42
Nebraska; NE,2008,209205.17,126572.5,71930.58,126551.08,132427.25
Nebraska; NE,2009,206290.08,125001.67,71163.33,124999.17,129206.33
Nebraska; NE,2010,208445.17,126260.92,71758.25,126258.17,130102.42
Nebraska; NE,2011,203073.17,122395.25,69843.92,122422.67,123252.17
Nebraska; NE,2012,203799.0,122729.92,70228.33,122785.67,120929.67
Nebraska; NE,2013,212933.33,128055.33,73198.0,128095.0,127155.5
Nebraska; NE,2014,219999.17,132015.0,75789.0,132071.67,129805.75
Nebraska; NE,2015,229909.5,138316.92,79607.75,138374.5,135717.25
Nebraska; NE,2016,239689.92,144783.08,83503.5,144850.58,141465.67
Nebraska; NE,2017,254909.58,154765.42,89604.92,154836.58,151317.83
Nebraska; NE,2018,269859.25,165045.33,95813.92,165128.17,160684.5
Nebraska; NE,2019,282453.5,174114.5,101512.25,174226.0,167699.67
Nebraska; NE,2020,295391.75,183892.67,106755.08,184024.67,175732.25
Nebraska; NE,2021,316358.8,199025.4,114071.2,199150.6,191214.8
Nevada; NV,1996,244950.08,158911.67,103621.33,164365.42,94989.92
Nevada; NV,1997,250988.25,163062.75,106613.08,168610.42,96896.92
Nevada; NV,1998,256997.75,167270.75,109762.33,172864.67,98750.17
Nevada; NV,1999,261945.67,170756.08,112321.67,176554.25,99000.75
Nevada; NV,2000,274656.08,178887.0,118045.75,185017.17,102078.75
Nevada; NV,2001,290510.42,189062.25,125288.0,195576.33,106527.92
Nevada; NV,2002,309263.0,201038.0,133135.08,208156.92,111814.0
Nevada; NV,2003,338049.42,219031.5,144293.08,227151.42,119805.42
Nevada; NV,2004,422346.17,272560.33,176486.25,283838.08,145543.08
Nevada; NV,2005,514454.5,333787.58,215632.92,346968.75,180962.75
Nevada; NV,2006,541290.42,353318.5,233633.42,365703.33,197496.33
Nevada; NV,2007,510985.67,333492.67,223608.42,344405.08,190180.58
Nevada; NV,2008,397700.67,257296.67,172698.58,265607.58,146893.83
Nevada; NV,2009,287772.33,182213.08,121938.5,189545.33,102522.25
Nevada; NV,2010,251732.67,156643.5,103861.33,163966.67,82320.67
Nevada; NV,2011,227073.58,140900.75,92598.92,147757.33,71611.0
Nevada; NV,2012,223794.25,138950.83,91640.33,145611.0,71169.17
Nevada; NV,2013,273328.92,172291.58,116467.67,179972.42,90248.42
Nevada; NV,2014,311438.42,199348.5,135826.25,208407.92,102556.17
Nevada; NV,2015,332369.67,214483.42,146499.5,224520.58,107073.75
Nevada; NV,2016,354267.08,231202.42,158318.83,242019.08,113512.0
Nevada; NV,2017,380308.0,251599.0,173807.25,262702.92,125255.33
Nevada; NV,2018,429803.75,289245.58,204320.67,300409.92,152093.58
Nevada; NV,2019,449765.0,304205.92,218023.08,315303.0,164257.58
Nevada; NV,2020,468210.42,315313.75,224984.08,327115.08,169030.25
Nevada; NV,2021,521215.6,346089.2,244642.0,359286.0,180783.8
New Hampshire; NH,1996,179873.75,107475.92,65338.5,111939.0,79922.42
New Hampshire; NH,1997,187005.83,111703.08,68250.33,116484.75,83512.5
New Hampshire; NH,1998,198494.92,119135.92,72630.92,124388.58,88229.92
New Hampshire; NH,1999,217256.42,130899.0,79555.83,136694.75,97055.5
New Hampshire; NH,2000,243841.5,147603.42,89802.5,153990.67,109558.0
New Hampshire; NH,2001,278920.58,169273.08,102918.08,176389.17,126810.58
New Hampshire; NH,2002,313184.0,191483.25,116829.42,199372.75,145714.75
New Hampshire; NH,2003,350627.58,217214.42,132402.58,226144.42,166253.92
New Hampshire; NH,2004,385313.42,241400.25,148268.17,251024.83,185292.0
New Hampshire; NH,2005,419119.17,264567.33,164079.08,274787.83,202993.58
New Hampshire; NH,2006,430071.58,273017.75,171277.67,283104.08,210043.17
New Hampshire; NH,2007,415288.25,264669.5,168098.08,274130.83,205015.67
New Hampshire; NH,2008,390155.0,248767.42,159162.25,257572.33,192776.5
New Hampshire; NH,2009,360988.58,230763.25,148605.17,238914.08,179092.67
New Hampshire; NH,2010,349588.92,224052.67,144103.33,232141.92,172382.5
New Hampshire; NH,2011,338212.75,216932.92,139987.5,224951.67,164982.83
New Hampshire; NH,2012,330417.92,212033.33,137403.75,219992.25,159347.92
New Hampshire; NH,2013,342114.25,219866.0,141921.08,228168.0,164591.08
New Hampshire; NH,2014,354795.17,228633.67,147247.17,237531.92,169406.92
New Hampshire; NH,2015,367347.92,237667.75,153495.92,246808.42,175748.75
New Hampshire; NH,2016,380068.58,246887.58,159894.75,256344.75,183497.42
New Hampshire; NH,2017,401034.17,262374.58,169762.33,272276.5,195997.58
New Hampshire; NH,2018,423902.92,279275.25,181621.08,289668.75,209893.75
New Hampshire; NH,2019,438171.92,291040.5,190650.42,301780.92,220550.42
New Hampshire; NH,2020,460194.67,308838.58,203420.0,320401.25,236990.67
New Hampshire; NH,2021,514036.2,345489.2,226655.6,358931.4,264657.6
New Jersey; NJ,1996,283935.08,161969.0,94214.58,167191.42,123299.83
New Jersey; NJ,1997,287731.33,164282.17,95822.08,169561.25,124696.33
New Jersey; NJ,1998,296788.0,168942.33,98692.92,174337.42,128188.08
New Jersey; NJ,1999,314815.25,177918.83,103827.58,183569.42,135018.42
New Jersey; NJ,2000,345431.67,193382.58,112297.83,199459.67,147856.33
New Jersey; NJ,2001,382510.25,213854.25,123075.25,220344.17,165587.83
New Jersey; NJ,2002,426511.58,240848.33,137677.0,248042.08,187247.67
New Jersey; NJ,2003,485016.75,277896.0,158823.17,286307.42,215201.0
New Jersey; NJ,2004,545811.83,316108.17,182317.5,325493.33,245301.75
New Jersey; NJ,2005,621057.08,362272.0,210909.42,372501.75,283396.67
New Jersey; NJ,2006,675381.08,396902.0,233449.5,407838.33,310792.42
New Jersey; NJ,2007,663299.75,391150.42,232417.75,401986.17,305545.33
New Jersey; NJ,2008,620593.92,366378.83,218710.25,376164.58,287751.58
New Jersey; NJ,2009,571455.17,335510.67,199394.92,344300.33,265998.33
New Jersey; NJ,2010,552905.33,323680.5,191727.17,332433.5,256374.58
New Jersey; NJ,2011,520677.83,302389.5,178379.25,310804.5,238238.92
New Jersey; NJ,2012,498350.33,286789.25,168551.92,294665.33,226537.33
New Jersey; NJ,2013,508197.08,291526.5,170832.42,299476.83,231071.67
New Jersey; NJ,2014,528886.67,302957.0,177068.33,311074.25,240782.67
New Jersey; NJ,2015,533935.17,305759.67,178741.17,313789.92,243668.75
New Jersey; NJ,2016,538410.33,308891.42,180329.67,317033.75,245803.75
New Jersey; NJ,2017,551138.25,317840.92,185403.75,326265.58,252414.67
New Jersey; NJ,2018,569502.67,331640.42,194034.42,340329.83,263681.42
New Jersey; NJ,2019,575742.17,338989.58,199669.83,347830.08,269564.5
New Jersey; NJ,2020,589974.75,353065.33,210086.58,361976.33,284031.92
New Jersey; NJ,2021,640120.0,388686.0,235919.6,399219.6,304316.6
New Mexico; NM,1998,224283.67,127081.78,74569.67,127331.11,120737.33
New Mexico; NM,1999,225634.25,127146.75,74785.17,127413.67,121618.42
New Mexico; NM,2000,227991.75,128819.58,76026.0,129129.08,122971.83
New Mexico; NM,2001,234512.83,132982.92,78792.33,133331.83,126077.75
New Mexico; NM,2002,242245.5,137679.17,81646.42,138058.83,129327.92
New Mexico; NM,2003,250491.83,141806.08,84449.67,142194.25,132336.5
New Mexico; NM,2004,265005.67,149596.33,89295.58,149968.83,139497.33
New Mexico; NM,2005,286025.25,160724.75,96463.83,161155.67,147999.33
New Mexico; NM,2006,324312.75,182422.92,109793.33,182968.25,166408.33
New Mexico; NM,2007,345965.75,196113.42,118876.42,196736.08,178396.17
New Mexico; NM,2008,341009.0,193862.08,118693.08,194434.5,178254.5
New Mexico; NM,2009,321110.5,183945.33,113625.83,184539.0,168393.0
New Mexico; NM,2010,307866.0,177616.92,110832.75,178329.67,159591.83
New Mexico; NM,2011,291682.83,167719.5,106717.83,168422.08,149932.83
New Mexico; NM,2012,284458.67,164252.92,104868.75,164978.42,144822.58
New Mexico; NM,2013,287093.5,166504.5,106619.5,167291.83,145005.5
New Mexico; NM,2014,293730.0,170633.92,109799.5,171563.08,145811.42
New Mexico; NM,2015,295514.08,172048.92,111310.42,172984.83,146557.83
New Mexico; NM,2016,302024.25,176582.33,114727.58,177546.0,150011.0
New Mexico; NM,2017,311297.5,182934.58,119467.33,183904.83,156027.25
New Mexico; NM,2018,322415.67,190313.92,124906.42,191312.08,161532.83
New Mexico; NM,2019,340711.33,201214.42,132851.58,202221.83,172351.83
New Mexico; NM,2020,359521.17,215039.67,141077.0,216178.25,181281.58
New Mexico; NM,2021,392078.0,237102.8,152602.2,238364.2,197722.2
New York; NY,1996,287783.58,139022.83,62524.5,120317.58,166168.42
New York; NY,1997,291806.42,140373.58,62988.92,121292.67,171254.75
New York; NY,1998,303458.0,144982.0,64899.0,125061.75,182463.42
New York; NY,1999,324136.58,152363.58,67932.75,131093.5,198826.42
New York; NY,2000,358541.33,164360.08,72957.08,140925.58,225076.17
New York; NY,2001,395776.67,177801.25,78310.0,151751.25,259092.58
New York; NY,2002,435995.17,193871.5,84313.42,165084.33,278587.17
New York; NY,2003,487379.67,214359.17,91601.08,181969.0,316438.75
New York; NY,2004,541272.58,237027.75,99847.08,200649.08,359880.75
New York; NY,2005,607418.67,263920.42,108926.08,222260.58,423027.42
New York; NY,2006,658245.0,285844.92,116990.92,239792.5,474492.5
New York; NY,2007,655791.75,290313.42,119815.67,243591.83,476288.67
New York; NY,2008,638798.08,285903.5,119776.42,240131.25,478162.08
New York; NY,2009,597317.42,270770.08,115516.67,228322.5,439136.25
New York; NY,2010,585471.75,266748.5,114930.5,225472.33,424766.5
New York; NY,2011,572733.5,259644.5,112517.67,219259.33,424464.58
New York; NY,2012,561423.17,254929.25,111310.17,215357.0,421758.33
New York; NY,2013,574514.42,259903.67,113533.75,219224.08,441439.0
New York; NY,2014,599169.75,267925.5,116600.33,225285.75,475156.17
New York; NY,2015,617907.75,273979.25,119117.58,229619.5,506304.25
New York; NY,2016,641204.75,282356.0,122822.5,236020.75,528945.92
New York; NY,2017,672141.92,295735.83,128337.58,246524.42,552147.08
New York; NY,2018,706082.0,312598.08,135285.67,259406.75,584403.83
New York; NY,2019,722929.25,325115.17,141329.17,269909.08,595924.08
New York; NY,2020,734021.42,336178.08,148726.0,280622.08,587478.25
New York; NY,2021,756177.0,356177.0,161555.2,306600.8,564348.0
North Carolina; NC,1996,205373.67,112035.0,58637.25,112745.33,96096.0
North Carolina; NC,1997,215638.08,117955.92,62060.75,118675.83,101283.83
North Carolina; NC,1998,223986.92,123193.42,65460.5,123872.0,107386.58
North Carolina; NC,1999,232062.08,128143.0,68369.83,128830.17,111797.33
North Carolina; NC,2000,241369.5,133660.33,71525.33,134384.33,115933.33
North Carolina; NC,2001,250166.58,138887.17,74592.83,139663.17,119730.75
North Carolina; NC,2002,255248.33,141802.83,76361.42,142595.33,122174.08
North Carolina; NC,2003,260330.58,144541.92,78033.42,145334.83,124636.83
North Carolina; NC,2004,268242.33,148400.08,80363.17,149193.17,128273.75
North Carolina; NC,2005,281783.67,154605.33,84217.58,155358.33,134915.0
North Carolina; NC,2006,301836.25,164037.75,89665.42,164755.58,144580.67
North Carolina; NC,2007,318392.5,172157.75,94239.33,172886.75,152288.08
North Carolina; NC,2008,319043.33,173143.92,94946.83,173915.75,152191.08
North Carolina; NC,2009,303450.75,165873.33,91019.33,166705.33,143608.25
North Carolina; NC,2010,291684.17,160258.75,87853.5,161157.92,136406.75
North Carolina; NC,2011,278016.75,152814.0,83484.08,153761.25,127844.25
North Carolina; NC,2012,271207.25,148917.17,81255.0,149893.67,123297.58
North Carolina; NC,2013,276692.92,151418.17,82457.5,152430.75,124628.08
North Carolina; NC,2014,285428.08,156064.67,84932.17,157125.08,127901.33
North Carolina; NC,2015,293639.67,160827.0,87541.58,161954.58,130788.08
North Carolina; NC,2016,305335.67,167783.58,91291.83,168995.42,135811.5
North Carolina; NC,2017,321117.25,178098.58,96892.92,179421.42,143774.0
North Carolina; NC,2018,338170.75,190034.92,103479.17,191407.42,154318.33
North Carolina; NC,2019,352959.67,201207.17,109975.5,202628.25,163998.58
North Carolina; NC,2020,370314.83,213986.5,117816.08,215480.67,175656.92
North Carolina; NC,2021,405518.6,235730.0,130961.2,237361.0,192936.4
North Dakota; ND,2005,221595.7,145756.5,91090.6,147806.1,108264.5
North Dakota; ND,2006,232162.5,153354.42,95801.58,155725.58,110863.92
North Dakota; ND,2007,241898.92,160670.33,101141.92,163115.25,115930.08
North Dakota; ND,2008,249141.25,166057.5,105014.08,168588.75,119243.17
North Dakota; ND,2009,250453.83,166980.5,106193.0,169481.83,118486.75
North Dakota; ND,2010,250898.58,167729.58,107811.5,170264.58,118960.58
North Dakota; ND,2011,256254.58,169711.42,109957.5,172576.5,119682.83
North Dakota; ND,2012,266617.92,175989.0,113934.08,179189.92,123729.33
North Dakota; ND,2013,292316.25,193361.17,124536.75,197355.75,134630.58
North Dakota; ND,2014,312735.08,207547.25,133252.33,212104.33,143217.25
North Dakota; ND,2015,331113.75,221396.25,142774.5,226283.5,151118.5
North Dakota; ND,2016,338917.83,228003.92,148104.25,233033.17,154406.08
North Dakota; ND,2017,340228.67,229915.5,150184.92,234984.33,154438.25
North Dakota; ND,2018,341055.83,230899.17,151917.0,235969.83,154144.25
North Dakota; ND,2019,343849.67,233000.5,153759.17,238242.25,153867.83
North Dakota; ND,2020,349283.83,236308.0,154375.17,241500.67,156881.0
North Dakota; ND,2021,361010.2,242562.8,156941.6,247784.6,164290.6
Ohio; OH,1996,171166.67,94301.33,48167.5,94605.58,92169.67
Ohio; OH,1997,176930.42,97883.92,50188.0,98218.08,95386.92
Ohio; OH,1998,183117.5,101963.92,52709.5,102353.25,98756.17
Ohio; OH,1999,189240.17,106050.42,55276.33,106519.83,101620.67
Ohio; OH,2000,197793.83,111202.17,58267.25,111748.0,105573.75
Ohio; OH,2001,205614.67,116132.58,61114.0,116725.5,109830.08
Ohio; OH,2002,211461.58,119884.17,63240.17,120490.92,113571.33
Ohio; OH,2003,218432.08,124129.83,65514.83,124768.17,117516.25
Ohio; OH,2004,225876.92,128580.42,67960.75,129258.67,121461.83
Ohio; OH,2005,232654.42,132567.0,70341.83,133247.0,125510.08
Ohio; OH,2006,236627.75,134911.58,71798.0,135592.0,127959.5
Ohio; OH,2007,234002.25,133517.75,71219.0,134165.58,127084.25
Ohio; OH,2008,226788.17,129128.42,68758.92,129722.17,123383.17
Ohio; OH,2009,216184.67,122586.0,65078.83,123216.83,116323.58
Ohio; OH,2010,211817.75,119506.08,63256.08,120193.42,112441.25
Ohio; OH,2011,202672.33,113569.42,59948.08,114302.92,105712.42
Ohio; OH,2012,198281.5,110559.92,58197.17,111437.0,100590.5
Ohio; OH,2013,203221.0,112422.08,59038.25,113345.08,101946.42
Ohio; OH,2014,208594.0,114928.5,60359.0,115867.33,104346.58
Ohio; OH,2015,216570.83,119309.25,62542.17,120302.92,108015.83
Ohio; OH,2016,225296.58,124598.58,65344.08,125650.42,112536.92
Ohio; OH,2017,238178.5,132275.58,69534.92,133309.0,120552.92
Ohio; OH,2018,251989.25,141026.5,74528.58,142082.92,129198.5
Ohio; OH,2019,264458.5,149390.83,79472.25,150479.42,137340.17
Ohio; OH,2020,278892.75,158975.58,85819.33,160137.42,146409.33
Ohio; OH,2021,303285.8,174051.6,95783.2,175482.8,159063.6
Oklahoma; OK,1996,126872.83,65143.58,30061.83,65360.75,47975.42
Oklahoma; OK,1997,131007.67,67719.33,31381.42,67948.42,49938.25
Oklahoma; OK,1998,136869.92,71644.25,33397.5,71892.92,52805.0
Oklahoma; OK,1999,142793.25,75104.08,35149.25,75363.92,55274.58
Oklahoma; OK,2000,149372.42,78878.75,37020.25,79147.67,58120.83
Oklahoma; OK,2001,155925.08,82870.67,38995.92,83151.42,61235.67
Oklahoma; OK,2002,161106.08,85941.33,40414.08,86236.17,63611.75
Oklahoma; OK,2003,166227.58,88958.17,41929.75,89279.25,65237.67
Oklahoma; OK,2004,171826.67,92159.75,43599.08,92513.33,66595.5
Oklahoma; OK,2005,178327.58,96074.33,45715.25,96464.0,68545.42
Oklahoma; OK,2006,185537.92,100428.33,48000.75,100850.33,70750.92
Oklahoma; OK,2007,191113.0,103742.0,49697.58,104179.17,73211.08
Oklahoma; OK,2008,192682.25,105060.17,50213.42,105488.25,74298.33
Oklahoma; OK,2009,191733.25,104786.58,49779.33,105208.08,74142.42
Oklahoma; OK,2010,192656.08,105663.92,50041.67,106077.17,75236.75
Oklahoma; OK,2011,188178.0,102968.67,48803.58,103391.33,72008.08
Oklahoma; OK,2012,188559.92,103079.17,48840.25,103518.92,71534.0
Oklahoma; OK,2013,193177.5,105429.42,49929.42,105893.83,71765.0
Oklahoma; OK,2014,198600.42,108479.33,51460.5,108964.25,73173.33
Oklahoma; OK,2015,204675.25,112372.58,53435.0,112894.33,74357.58
Oklahoma; OK,2016,209088.67,115505.0,54983.83,116051.5,75394.17
Oklahoma; OK,2017,214573.17,119547.5,57029.67,120102.42,78158.67
Oklahoma; OK,2018,219715.5,123336.83,59067.33,123912.17,79675.0
Oklahoma; OK,2019,226023.25,127900.17,61398.0,128506.58,81386.42
Oklahoma; OK,2020,237402.33,136018.83,65633.75,136677.25,85814.33
Oklahoma; OK,2021,252062.0,145552.4,69848.0,146308.6,92338.6
Oregon; OR,1996,213060.25,132206.33,84997.17,132846.33,120741.17
Oregon; OR,1997,226953.17,141542.75,91457.92,142177.92,131866.92
Oregon; OR,1998,235420.92,147654.83,96312.42,148277.92,140227.33
Oregon; OR,1999,241668.33,152022.0,99677.92,152707.33,142134.08
Oregon; OR,2000,250293.08,157818.25,104065.33,158538.83,146860.58
Oregon; OR,2001,259862.17,163745.08,108775.67,164494.42,151638.17
Oregon; OR,2002,271359.58,170785.83,113754.25,171570.08,157492.25
Oregon; OR,2003,286247.83,179932.92,120133.67,180768.17,165198.08
Oregon; OR,2004,310466.0,194748.67,130499.33,195702.83,175753.33
Oregon; OR,2005,356463.17,223376.0,148889.83,224578.92,196430.58
Oregon; OR,2006,417825.42,265115.67,175465.08,266634.75,229576.25
Oregon; OR,2007,441669.17,282535.0,188470.92,284081.67,247200.08
Oregon; OR,2008,420731.5,269796.0,181625.92,271229.08,237529.58
Oregon; OR,2009,377212.58,242675.92,163727.58,243929.58,214473.33
Oregon; OR,2010,354298.0,228601.58,153745.42,229925.25,198262.0
Oregon; OR,2011,326083.58,209317.58,140682.5,210730.92,175655.67
Oregon; OR,2012,322783.42,206636.25,138705.75,208070.58,171035.58
Oregon; OR,2013,353727.0,227277.83,152289.5,228812.33,189353.75
Oregon; OR,2014,381806.25,246627.75,166146.0,248238.0,207003.5
Oregon; OR,2015,410186.0,266030.75,179701.42,267686.08,224185.17
Oregon; OR,2016,451917.25,295500.17,199192.25,297212.58,252766.42
Oregon; OR,2017,486486.67,322524.08,218838.5,324263.58,278923.42
Oregon; OR,2018,512017.67,343723.17,236637.42,345609.0,296732.17
Oregon; OR,2019,525966.5,356106.83,248300.75,358207.17,302145.75
Oregon; OR,2020,551096.25,376004.92,264287.5,378962.75,305469.42
Oregon; OR,2021,615494.2,421078.2,296007.0,425269.4,323905.0
Pennsylvania; PA,1996,177169.08,96737.92,49832.42,97200.17,90532.92
Pennsylvania; PA,1997,179057.08,98073.42,50612.58,98575.0,91173.17
Pennsylvania; PA,1998,182863.5,100467.75,51950.58,101021.75,92706.67
Pennsylvania; PA,1999,187083.17,102830.75,53405.17,103391.92,94891.25
Pennsylvania; PA,2000,196998.08,107436.42,55885.92,107962.83,99855.42
Pennsylvania; PA,2001,208365.08,113145.0,58959.58,113624.67,106414.42
Pennsylvania; PA,2002,223043.92,120152.92,62631.58,120553.08,115003.33
Pennsylvania; PA,2003,243684.67,129928.75,67610.08,130217.33,127179.92
Pennsylvania; PA,2004,268445.0,142320.67,73828.5,142507.25,141671.92
Pennsylvania; PA,2005,298375.08,158268.42,81913.17,158357.25,159384.92
Pennsylvania; PA,2006,322909.83,172218.08,89024.08,172257.83,174157.5
Pennsylvania; PA,2007,329270.42,177843.08,92315.67,177928.42,178988.75
Pennsylvania; PA,2008,323133.75,176457.08,91897.33,176586.75,176813.58
Pennsylvania; PA,2009,309921.42,170270.42,89076.25,170448.58,169789.83
Pennsylvania; PA,2010,306429.92,169447.08,89175.0,169684.42,167556.5
Pennsylvania; PA,2011,292748.25,162028.33,85460.33,162338.67,158645.0
Pennsylvania; PA,2012,285950.17,158490.83,83535.25,158851.5,154156.58
Pennsylvania; PA,2013,290595.5,160210.25,84463.33,160610.17,155096.08
Pennsylvania; PA,2014,296993.67,162984.0,86129.08,163409.83,157514.0
Pennsylvania; PA,2015,300831.0,165674.42,87868.25,166130.17,159653.83
Pennsylvania; PA,2016,307078.42,169941.0,90392.33,170478.92,162278.83
Pennsylvania; PA,2017,317041.0,176706.75,94231.5,177328.25,167514.5
Pennsylvania; PA,2018,331421.58,186370.08,99893.17,187125.17,174764.25
Pennsylvania; PA,2019,342417.25,194311.25,104732.58,195142.58,181359.17
Pennsylvania; PA,2020,356307.67,204359.92,112043.67,205209.58,188915.75
Pennsylvania; PA,2021,385574.0,222201.0,124037.2,223152.0,204041.4
Rhode Island; RI,1996,209821.17,126570.17,84566.42,128777.33,104403.75
Rhode Island; RI,1997,211134.0,127724.08,85495.08,129920.92,105637.25
Rhode Island; RI,1998,215528.0,130639.67,87577.5,132819.25,108608.33
Rhode Island; RI,1999,226583.83,136913.83,92108.42,139154.08,113581.42
Rhode Island; RI,2000,251044.5,150729.67,102031.42,153081.92,126937.75
Rhode Island; RI,2001,279588.08,167055.83,114267.17,169560.5,143998.58
Rhode Island; RI,2002,324905.75,194543.33,134017.58,197471.75,168931.08
Rhode Island; RI,2003,385043.0,233484.75,161475.17,237058.5,201797.5
Rhode Island; RI,2004,447804.33,274833.67,192023.33,278887.25,237520.5
Rhode Island; RI,2005,505487.5,311441.92,221023.33,316150.25,265770.33
Rhode Island; RI,2006,526596.83,323915.08,231441.75,328741.58,277585.67
Rhode Island; RI,2007,502276.42,309027.17,221562.75,313449.92,265826.83
Rhode Island; RI,2008,466885.5,285379.92,203419.08,289391.42,247051.75
Rhode Island; RI,2009,412422.58,251194.92,176067.75,254873.92,215822.5
Rhode Island; RI,2010,403770.33,247588.0,173909.75,251395.5,209372.33
Rhode Island; RI,2011,387460.75,234038.58,162953.17,237797.92,196771.58
Rhode Island; RI,2012,368334.25,221420.58,152580.58,225291.42,183366.08
Rhode Island; RI,2013,379965.92,229333.42,159519.25,233357.67,188020.58
Rhode Island; RI,2014,396953.5,239615.75,167700.58,243871.25,195557.58
Rhode Island; RI,2015,400541.5,244234.92,173019.92,248618.33,196354.67
Rhode Island; RI,2016,417927.08,256992.83,184879.67,261593.92,204680.0
Rhode Island; RI,2017,440572.42,273068.5,199439.5,278126.5,215958.42
Rhode Island; RI,2018,466402.0,291747.42,216496.83,297147.75,230169.75
Rhode Island; RI,2019,477195.83,299561.75,224342.75,304969.75,236631.58
Rhode Island; RI,2020,501649.42,317581.0,240745.83,323475.0,250983.25
Rhode Island; RI,2021,561272.0,353902.8,269494.2,360737.8,273278.8
South Carolina; SC,1996,184552.58,98408.0,49705.42,98318.92,93525.42
South Carolina; SC,1997,192211.0,102115.33,51892.17,101959.58,97774.33
South Carolina; SC,1998,203499.08,108486.25,55875.67,108249.42,106622.83
South Carolina; SC,1999,214757.17,114013.67,59413.17,113749.0,112819.67
South Carolina; SC,2000,226403.0,119905.25,62902.42,119637.42,118444.42
South Carolina; SC,2001,236358.33,125371.5,66282.83,125120.42,123467.58
South Carolina; SC,2002,241478.42,128661.5,68229.08,128467.58,125860.83
South Carolina; SC,2003,249124.08,132694.0,70745.42,132479.42,130001.33
South Carolina; SC,2004,261699.83,138856.5,74105.92,138407.17,139042.08
South Carolina; SC,2005,285411.42,149146.25,79677.08,147822.33,162037.08
South Carolina; SC,2006,316021.33,162069.67,86859.0,159515.0,195664.75
South Carolina; SC,2007,326923.92,168160.67,90377.33,165805.17,197003.17
South Carolina; SC,2008,317888.25,165625.08,89581.33,164405.08,179371.0
South Carolina; SC,2009,295341.17,156082.75,84701.0,156362.0,152775.58
South Carolina; SC,2010,282643.58,150876.83,81743.67,151819.67,138665.67
South Carolina; SC,2011,266882.5,142678.58,76980.42,143978.67,126205.75
South Carolina; SC,2012,261979.17,140109.33,75524.0,141424.25,123845.5
South Carolina; SC,2013,267056.5,142457.67,76717.0,143761.58,126571.33
South Carolina; SC,2014,276739.25,147561.67,79405.58,148733.0,132968.67
South Carolina; SC,2015,285980.92,152645.33,82257.67,153952.08,136778.67
South Carolina; SC,2016,297507.17,159657.92,86391.83,161144.67,141665.25
South Carolina; SC,2017,310038.83,167778.42,91176.83,169563.08,146769.83
South Carolina; SC,2018,324753.17,177682.42,97082.42,179578.75,155259.0
South Carolina; SC,2019,336197.08,186249.08,102385.25,188311.33,161665.75
South Carolina; SC,2020,352279.67,197379.17,109466.25,199859.08,168761.58
South Carolina; SC,2021,383161.6,214979.0,120766.8,217861.6,181949.2
South Dakota; SD,2002,190207.5,120350.5,77337.25,120643.75,105753.75
South Dakota; SD,2003,194706.67,123914.83,79047.17,124221.58,108253.0
South Dakota; SD,2004,205385.92,131135.08,83685.92,131465.42,109515.42
South Dakota; SD,2005,220559.67,140338.75,89732.42,140676.83,118700.42
South Dakota; SD,2006,231175.33,146678.75,94006.92,147028.25,124232.92
South Dakota; SD,2007,238473.92,151170.75,97117.5,151527.92,126695.75
South Dakota; SD,2008,243945.25,155060.33,99918.83,155414.25,130040.58
South Dakota; SD,2009,242997.75,154645.83,99691.92,154992.5,130225.42
South Dakota; SD,2010,241475.08,153571.0,99298.67,153916.67,128471.83
South Dakota; SD,2011,240176.83,152886.25,98893.17,153228.42,128006.92
South Dakota; SD,2012,242402.58,154100.25,99716.58,154470.83,125498.83
South Dakota; SD,2013,251029.75,159346.42,103310.5,159736.83,129365.08
South Dakota; SD,2014,260078.33,164785.58,107245.08,165187.0,135091.08
South Dakota; SD,2015,270617.0,171874.92,112313.08,172275.08,141250.42
South Dakota; SD,2016,283142.33,180652.67,118298.58,181079.67,148115.75
South Dakota; SD,2017,298271.25,191285.92,125502.92,191742.0,157169.42
South Dakota; SD,2018,312193.83,200760.92,132166.42,201253.17,162081.75
South Dakota; SD,2019,326242.42,210273.08,138882.42,210816.17,165340.0
South Dakota; SD,2020,337579.58,218522.5,144039.75,219074.5,178261.83
South Dakota; SD,2021,362448.8,233882.8,152142.0,234649.0,184887.4
Tennessee; TN,1996,173514.08,91954.83,45141.58,91265.83,108815.5
Tennessee; TN,1997,181366.42,96566.58,47717.08,95829.75,114977.33
Tennessee; TN,1998,189395.83,101471.33,50760.08,100713.5,120161.58
Tennessee; TN,1999,195554.25,104975.58,53142.33,104198.92,123999.25
Tennessee; TN,2000,202403.67,108732.67,55394.58,107925.58,128386.5
Tennessee; TN,2001,208413.75,112466.33,57637.75,111679.5,131610.58
Tennessee; TN,2002,212589.5,115079.58,59113.58,114265.42,134829.67
Tennessee; TN,2003,217613.83,117933.42,60742.83,117104.0,138018.67
Tennessee; TN,2004,224998.17,122091.0,62972.67,121239.92,142776.5
Tennessee; TN,2005,237331.25,129146.67,66847.0,128269.83,150309.42
Tennessee; TN,2006,253347.58,137922.92,71622.25,136995.0,160310.42
Tennessee; TN,2007,263768.58,143674.25,74791.33,142660.92,167670.08
Tennessee; TN,2008,258884.25,141576.58,73576.75,140569.17,165160.17
Tennessee; TN,2009,247531.0,135868.83,70346.67,134905.08,158305.08
Tennessee; TN,2010,241935.0,133029.83,68686.33,132104.0,154186.33
Tennessee; TN,2011,233864.42,128281.5,66139.58,127450.5,146901.5
Tennessee; TN,2012,231914.42,126844.58,65470.25,126049.5,144671.17
Tennessee; TN,2013,238108.58,129975.58,66990.75,129161.17,148422.17
Tennessee; TN,2014,247401.25,135138.92,69697.25,134281.5,154555.08
Tennessee; TN,2015,256424.0,140423.5,72417.33,139518.58,161038.75
Tennessee; TN,2016,271002.5,148703.08,76555.08,147701.83,171794.08
Tennessee; TN,2017,289489.25,159546.83,82108.08,158417.0,185372.42
Tennessee; TN,2018,308302.58,171580.75,88325.17,170374.67,198619.0
Tennessee; TN,2019,322858.75,181857.17,93833.33,180662.5,207779.33
Tennessee; TN,2020,343532.17,195728.08,100324.92,194583.0,220446.0
Tennessee; TN,2021,382764.6,218673.2,111833.4,217492.0,243667.8
Texas; TX,1996,187386.58,98374.92,54432.08,98705.08,93901.33
Texas; TX,1997,189844.17,99829.25,55506.0,100133.42,95687.33
Texas; TX,1998,194553.83,102792.0,57466.92,103094.92,98054.75
Texas; TX,1999,201782.83,107243.5,60209.75,107563.67,101548.25
Texas; TX,2000,209738.75,111742.17,62789.75,112103.75,103803.58
Texas; TX,2001,210919.42,113180.25,63565.0,113512.08,105171.17
Texas; TX,2002,214054.17,115884.42,65049.92,116223.08,106729.83
Texas; TX,2003,218327.0,119257.0,67145.42,119595.0,109155.92
Texas; TX,2004,229066.58,126024.17,71371.5,126346.25,114949.0
Texas; TX,2005,239086.58,131907.67,75236.75,132232.83,119156.33
Texas; TX,2006,247140.17,136483.42,78410.0,136802.58,123190.25
Texas; TX,2007,255250.92,141693.0,81719.5,142024.17,127095.42
Texas; TX,2008,254161.0,141050.58,81441.08,141391.5,125907.83
Texas; TX,2009,248968.75,137866.25,79496.75,138235.92,121908.08
Texas; TX,2010,247462.92,137146.67,78950.5,137567.08,119167.33
Texas; TX,2011,240800.92,132640.17,76375.5,133082.75,113864.25
Texas; TX,2012,243716.58,133525.42,76882.08,133983.83,114166.0
Texas; TX,2013,258359.08,141037.08,81177.42,141498.33,121517.75
Texas; TX,2014,278773.92,151993.08,87496.0,152466.75,131660.0
Texas; TX,2015,299526.92,163760.5,94486.33,164238.75,143070.58
Texas; TX,2016,317081.67,175155.25,101313.25,175659.08,153544.5
Texas; TX,2017,333308.17,186818.08,108528.5,187369.83,163354.58
Texas; TX,2018,347957.67,197793.33,115458.08,198390.83,172167.08
Texas; TX,2019,359940.33,207200.75,122010.67,207843.42,179336.5
Texas; TX,2020,372294.08,215950.92,128653.25,216730.25,185512.5
Texas; TX,2021,410296.6,233480.2,138660.4,234341.6,198463.6
Utah; UT,1996,261887.0,161649.75,106070.25,163338.25,148690.17
Utah; UT,1997,270636.17,166728.58,110419.83,168341.42,153387.42
Utah; UT,1998,276728.83,171123.92,114329.08,172683.67,159047.5
Utah; UT,1999,278170.0,172403.5,116059.33,173970.33,160239.17
Utah; UT,2000,286419.17,178874.83,120913.33,180503.08,164090.0
Utah; UT,2001,294084.75,184348.25,125524.25,185915.92,168290.42
Utah; UT,2002,295687.5,185436.08,126540.5,187119.0,169262.92
Utah; UT,2003,295637.58,185480.42,126407.92,187276.67,168512.67
Utah; UT,2004,300904.42,188268.17,128500.17,190167.67,169983.25
Utah; UT,2005,310760.0,193248.58,132116.83,195224.75,172954.67
Utah; UT,2006,348448.83,214719.83,146043.92,216845.33,192849.25
Utah; UT,2007,400953.25,248166.92,168506.0,250841.5,220467.83
Utah; UT,2008,400226.75,250136.83,172437.75,252660.33,222382.17
Utah; UT,2009,357731.75,226117.92,157749.25,228183.58,203210.5
Utah; UT,2010,334605.83,212588.83,149008.33,214608.42,191397.5
Utah; UT,2011,311674.75,196668.58,137522.5,198913.42,174195.08
Utah; UT,2012,314769.25,198823.25,138578.83,201427.08,172274.33
Utah; UT,2013,347599.58,221098.92,154029.33,224242.25,188728.67
Utah; UT,2014,365935.17,233855.83,163272.58,237460.75,197334.08
Utah; UT,2015,382409.67,245933.33,172270.75,249838.5,205624.42
Utah; UT,2016,409289.33,265714.08,187381.67,269919.17,221677.17
Utah; UT,2017,443955.25,290742.0,206964.17,295291.75,242549.25
Utah; UT,2018,483194.5,319051.75,229807.0,323981.58,267135.17
Utah; UT,2019,517692.33,343494.0,249567.92,348789.83,287704.0
Utah; UT,2020,552540.92,370170.17,270319.75,376031.75,301866.75
Utah; UT,2021,631434.2,426843.2,311600.2,435817.6,332306.2
Vermont; VT,1996,182859.25,107853.58,65161.08,108531.75,103798.0
Vermont; VT,1997,183614.17,109031.08,66056.17,109686.25,106976.08
Vermont; VT,1998,188116.17,113608.58,68446.5,114621.0,107167.0
Vermont; VT,1999,196701.58,120431.33,74058.5,121707.92,109802.67
Vermont; VT,2000,211532.33,129783.83,79824.75,131199.67,116325.58
Vermont; VT,2001,227687.83,140302.08,86354.75,141745.42,127358.92
Vermont; VT,2002,246734.5,152239.0,93632.75,153590.58,142110.0
Vermont; VT,2003,265664.58,164573.67,101473.92,166094.25,153130.5
Vermont; VT,2004,295898.58,183337.0,113815.08,185174.42,168447.75
Vermont; VT,2005,330802.67,205740.33,128133.75,207774.75,189581.17
Vermont; VT,2006,359751.83,225114.08,141223.83,227466.17,206029.33
Vermont; VT,2007,371899.08,234887.75,148565.92,237824.58,208091.33
Vermont; VT,2008,372147.0,235391.42,149775.83,239315.58,205122.75
Vermont; VT,2009,361662.67,229431.5,146780.75,233489.67,198806.17
Vermont; VT,2010,355663.17,226392.75,145533.17,230129.75,202267.75
Vermont; VT,2011,354569.75,226001.08,145464.83,229707.92,201691.17
Vermont; VT,2012,351351.42,225195.67,145323.33,228924.58,200680.5
Vermont; VT,2013,350803.25,225172.08,145464.0,228839.25,201520.75
Vermont; VT,2014,350757.83,225343.25,145721.5,228923.75,202306.17
Vermont; VT,2015,353545.67,227452.33,147374.25,231089.58,204031.08
Vermont; VT,2016,356493.92,229868.25,149102.42,233401.67,207708.67
Vermont; VT,2017,367227.0,237084.17,153376.08,240527.17,215981.17
Vermont; VT,2018,380857.0,247267.25,159981.67,251051.0,223718.42
Vermont; VT,2019,391600.67,255228.92,165271.75,259625.42,228050.25
Vermont; VT,2020,406387.67,265513.5,171293.08,269851.17,239787.83
Vermont; VT,2021,439517.8,285925.0,184051.6,291126.4,256915.6
Virginia; VA,1996,224504.33,120954.33,65943.83,121794.83,113756.92
Virginia; VA,1997,225717.17,122229.92,66798.75,123269.92,112557.25
Virginia; VA,1998,231394.42,125182.33,68765.42,126386.25,112872.42
Virginia; VA,1999,241350.67,129928.0,71536.33,131341.83,114727.42
Virginia; VA,2000,260402.08,138712.08,76245.17,140258.58,122132.25
Virginia; VA,2001,288334.58,150419.5,82201.83,151856.5,135815.25
Virginia; VA,2002,319478.58,164801.67,89341.83,165942.92,153824.17
Virginia; VA,2003,355675.08,182763.42,98400.0,183499.92,176489.33
Virginia; VA,2004,415994.75,212661.08,113417.08,212785.67,212904.92
Virginia; VA,2005,506040.0,257929.83,135869.17,257141.92,267613.67
Virginia; VA,2006,551989.08,287387.92,151870.08,287098.67,292767.33
Virginia; VA,2007,531271.67,285242.58,153994.92,286066.25,281101.75
Virginia; VA,2008,483683.5,264467.25,146390.75,265891.5,254413.92
Virginia; VA,2009,447253.25,243700.83,136564.42,245184.67,231901.83
Virginia; VA,2010,445844.58,239395.17,133893.42,240715.08,229344.92
Virginia; VA,2011,435450.42,231185.25,129051.5,232493.75,220708.25
Virginia; VA,2012,437237.0,230249.5,128060.08,231481.67,220851.42
Virginia; VA,2013,457017.92,238657.92,131815.25,239527.58,233026.0
Virginia; VA,2014,470923.17,245811.58,135543.83,246607.08,240956.58
Virginia; VA,2015,474896.17,249376.58,137876.67,250513.58,241433.25
Virginia; VA,2016,481316.08,254226.5,140808.83,255713.0,243022.75
Virginia; VA,2017,497000.83,263524.5,146124.33,265368.17,249272.42
Virginia; VA,2018,511148.83,272620.75,151524.0,274731.92,256111.67
Virginia; VA,2019,528594.58,282994.25,158226.92,285122.5,266260.33
Virginia; VA,2020,550656.33,294870.08,165420.42,297140.17,273009.83
Virginia; VA,2021,593707.2,316359.8,176809.6,319758.0,285807.4
Washington; WA,1996,237308.75,141774.33,90093.25,143537.83,121013.75
Washington; WA,1997,249291.67,148385.25,93981.58,150321.33,125928.75
Washington; WA,1998,267737.58,158447.5,99978.33,160488.5,136064.08
Washington; WA,1999,286650.58,168780.83,105831.08,170912.17,146651.58
Washington; WA,2000,307114.83,179889.0,112018.33,182081.67,158397.17
Washington; WA,2001,322839.67,189045.83,117186.25,191267.33,167881.58
Washington; WA,2002,335253.67,196971.42,122021.17,199402.42,174401.08
Washington; WA,2003,350589.0,206500.33,128258.0,209299.33,180246.67
Washington; WA,2004,381231.42,224838.08,139959.33,228244.0,191828.5
Washington; WA,2005,437114.17,258490.5,160439.75,262877.5,214665.0
Washington; WA,2006,509328.25,301643.58,186688.0,306703.75,250578.75
Washington; WA,2007,542872.08,321179.75,199690.42,325901.58,274814.92
Washington; WA,2008,514844.5,305147.58,191933.33,309317.08,263425.67
Washington; WA,2009,456101.75,272686.17,173473.58,276529.33,234360.83
Washington; WA,2010,431028.58,257394.42,164627.92,261575.58,214604.67
Washington; WA,2011,395199.17,233510.33,149710.92,237996.17,185753.25
Washington; WA,2012,386920.75,225790.83,144703.75,230549.58,173793.75
Washington; WA,2013,426209.42,246960.0,157330.75,251824.33,194442.58
Washington; WA,2014,457112.83,265537.0,169216.83,270229.58,214586.5
Washington; WA,2015,492511.33,286230.17,183598.58,290904.0,235647.0
Washington; WA,2016,545573.67,316891.58,203871.83,321511.33,267167.33
Washington; WA,2017,610544.67,353308.17,227965.25,357530.25,308406.33
Washington; WA,2018,675619.75,390379.33,253776.75,394212.92,349628.08
Washington; WA,2019,688404.83,406271.0,269686.17,411386.08,351440.42
Washington; WA,2020,735159.83,438278.17,293965.67,444385.67,374457.5
Washington; WA,2021,811958.2,487582.6,328727.8,496022.6,396113.6
West Virginia; WV,1996,122348.08,60685.67,24510.83,60499.83,83873.67
West Virginia; WV,1997,125453.58,62276.58,25386.75,62087.83,86056.83
West Virginia; WV,1998,126558.67,63615.92,26649.67,63439.08,86595.5
West Virginia; WV,1999,126469.33,64256.67,27753.83,64056.5,90975.25
West Virginia; WV,2000,129497.08,66220.5,29017.0,66005.58,95109.25
West Virginia; WV,2001,136387.33,69984.67,31002.92,69758.33,100813.58
West Virginia; WV,2002,140503.58,72260.58,32290.67,72033.58,104103.08
West Virginia; WV,2003,146459.08,75259.67,33882.42,75030.75,109040.83
West Virginia; WV,2004,155973.08,80012.08,36304.0,79772.17,113411.83
West Virginia; WV,2005,168656.58,86427.83,39803.75,86191.08,117300.08
West Virginia; WV,2006,176268.92,90281.0,41902.83,90007.92,124904.25
West Virginia; WV,2007,179887.42,92340.92,43118.42,92043.5,129418.67
West Virginia; WV,2008,180075.42,93025.25,43502.67,92719.17,131191.08
West Virginia; WV,2009,174155.83,90478.67,42287.0,90172.0,123371.58
West Virginia; WV,2010,169239.67,88687.92,41512.17,88376.17,117472.67
West Virginia; WV,2011,165978.5,87409.75,40930.58,87098.67,115614.67
West Virginia; WV,2012,165960.08,87597.0,41087.25,87292.08,114843.83
West Virginia; WV,2013,168862.25,89198.17,41900.67,88906.67,114769.25
West Virginia; WV,2014,172684.0,91344.83,42987.0,91059.67,116040.5
West Virginia; WV,2015,177160.17,93756.0,44346.92,93474.33,117920.58
West Virginia; WV,2016,180925.33,96074.33,45644.25,95819.0,118244.92
West Virginia; WV,2017,183968.83,98067.67,46704.17,97832.42,118842.0
West Virginia; WV,2018,190520.92,101635.75,48590.67,101404.0,122302.17
West Virginia; WV,2019,196198.0,104810.58,50215.58,104590.67,124371.0
West Virginia; WV,2020,203181.17,108485.67,51765.58,108287.75,125473.75
West Virginia; WV,2021,216907.4,115435.8,56180.2,115309.2,125854.4
Wisconsin; WI,1996,166779.42,101664.5,60149.25,101448.83,105336.42
Wisconsin; WI,1997,173371.75,106125.42,62833.42,105989.08,108523.08
Wisconsin; WI,1998,178454.08,109671.08,65116.75,109600.42,111133.92
Wisconsin; WI,1999,188011.5,115316.25,68938.5,115296.83,116477.33
Wisconsin; WI,2000,198806.92,121807.5,73170.75,121797.17,123097.42
Wisconsin; WI,2001,209787.75,128650.67,77655.83,128670.33,129625.0
Wisconsin; WI,2002,221009.5,135669.58,82143.42,135750.25,136061.0
Wisconsin; WI,2003,234937.58,144070.0,87515.42,144254.58,143192.67
Wisconsin; WI,2004,254208.67,155990.33,95049.0,156236.5,154661.33
Wisconsin; WI,2005,272051.25,167574.25,102460.25,168008.25,163482.08
Wisconsin; WI,2006,282858.42,174390.25,106914.0,174892.58,169417.83
Wisconsin; WI,2007,284949.5,175930.75,108118.5,176396.08,171516.67
Wisconsin; WI,2008,278170.0,171501.75,105511.67,171984.0,167022.17
Wisconsin; WI,2009,263205.33,161971.33,99262.92,162424.67,157711.67
Wisconsin; WI,2010,257249.75,157839.5,96230.58,158458.92,151424.25
Wisconsin; WI,2011,241247.83,147042.33,89419.92,147772.75,139263.42
Wisconsin; WI,2012,235377.33,143010.08,86689.83,143927.42,132674.75
Wisconsin; WI,2013,241163.33,145864.58,88292.58,147041.75,132654.5
Wisconsin; WI,2014,252246.33,152129.08,92330.5,153373.17,138243.08
Wisconsin; WI,2015,258969.0,156330.92,95211.58,157608.83,141944.58
Wisconsin; WI,2016,269772.75,163390.25,99722.08,164761.58,148382.33
Wisconsin; WI,2017,286090.75,174397.25,106630.25,175884.42,158692.33
Wisconsin; WI,2018,303076.17,186485.83,114664.67,188035.5,169934.42
Wisconsin; WI,2019,317191.83,196602.25,121547.25,198230.58,179427.92
Wisconsin; WI,2020,326349.58,202870.92,125749.5,204279.42,190142.5
Wisconsin; WI,2021,353053.6,220588.8,137133.0,222528.8,204156.2
Wyoming; WY,1998,206885.5,122719.62,77051.0,122075.75,206335.25
Wyoming; WY,1999,213052.17,126034.42,78722.0,125463.58,195143.58
Wyoming; WY,2000,221361.25,130609.0,81576.33,130045.42,196293.58
Wyoming; WY,2001,231929.33,136892.67,85480.75,136305.0,205695.25
Wyoming; WY,2002,238738.92,141343.25,88248.42,140757.5,208950.5
Wyoming; WY,2003,246228.67,146189.5,91825.0,145511.08,229874.58
Wyoming; WY,2004,262190.25,156286.5,98959.5,155498.25,251436.75
Wyoming; WY,2005,281357.5,169488.58,108118.67,168673.83,253025.33
Wyoming; WY,2006,307173.92,185169.5,118458.17,184357.75,263410.25
Wyoming; WY,2007,331478.75,199404.83,128624.5,198653.0,276625.92
Wyoming; WY,2008,336968.08,202563.75,131307.67,201923.42,273971.83
Wyoming; WY,2009,329612.17,198767.42,129464.25,198156.25,266951.25
Wyoming; WY,2010,323959.75,195712.67,127520.0,195140.08,259720.92
Wyoming; WY,2011,320488.0,193884.17,126442.25,193328.42,254361.42
Wyoming; WY,2012,325596.58,197483.42,129060.0,196898.58,262063.33
Wyoming; WY,2013,335488.17,204127.67,133927.67,203575.25,262656.08
Wyoming; WY,2014,346704.75,211190.67,138783.83,210652.0,269126.67
Wyoming; WY,2015,358647.5,219156.08,144485.0,218597.5,279918.5
Wyoming; WY,2016,365938.75,223932.0,147891.0,223352.42,289260.75
Wyoming; WY,2017,368530.0,225762.33,148683.58,225178.92,291535.83
Wyoming; WY,2018,381224.83,233882.83,153908.42,233305.42,300869.0
Wyoming; WY,2019,398638.5,245096.0,161678.33,244480.92,317814.0
Wyoming; WY,2020,418405.42,256375.67,168901.0,255598.33,345954.5
Wyoming; WY,2021,436010.6,267201.4,177086.8,266356.0,360106.0
