date,rolling_z_Money_supply,rolling_z_top_tier_home_value,rolling_z_mid_tier_home_value,rolling_z_bottom_tier_home_value,rolling_z_single_family_home_value,rolling_z_condo_coop_value
1998-12-01,1.9864659228121158,2.054438264243988,1.9880713387878723,1.9756574269004727,2.0095139960453388,2.012055036564511
1999-01-01,1.9601798699350765,1.9973515723619237,1.9432704113883916,1.9269349280731414,1.9588742246142805,1.9504533305291365
1999-02-01,1.9164840546176036,1.96964933429528,1.9221858804105418,1.9024136700662009,1.9327817662186249,1.9148987389969443
1999-03-01,1.813511022341562,1.9534456947549628,1.9122222835851888,1.8900477064540424,1.9200474186187984,1.8711781476312097
1999-04-01,1.807523961223609,1.971395798920028,1.9239187839250076,1.8921702250986665,1.930989555074335,1.844394962848657
1999-05-01,1.7855128645959153,1.9762439710309132,1.923619874114534,1.8854650588711381,1.9294350294719733,1.8208916425958686
1999-06-01,1.7549526438358305,1.9924472345050455,1.933859723662676,1.8859620462357571,1.936491555598248,1.823896122100583
1999-07-01,1.7473024658633127,2.0010329916119347,1.9418178959537744,1.886410601768215,1.9422540315371983,1.8184383086808165
1999-08-01,1.7046466674355834,1.9964886230966066,1.9331807999572368,1.875058884976348,1.933041428767738,1.8002381998177497
1999-09-01,1.6636173720919494,1.9783606759875325,1.9134653489615479,1.856950198516628,1.9132974047193005,1.7697969654624204
1999-10-01,1.6541709276743215,1.9611810225659454,1.8936989765059238,1.8389124367083096,1.8936771709077211,1.7531404202758618
1999-11-01,1.627862148997815,1.9691241810565654,1.9018948721749358,1.8486073537375247,1.902039426333706,1.7569944813987957
1999-12-01,1.6328765057660284,1.9809844915241597,1.9124259321303552,1.860301828249125,1.9148417225811198,1.747692497720196
2000-01-01,1.6395962279574843,2.002257592487218,1.9289273451013949,1.8760578198375562,1.9344715326249409,1.748120486338425
2000-02-01,1.5948625885700183,2.009271130912584,1.9354791816574692,1.878724575580093,1.9425991445528499,1.7486674427001654
2000-03-01,1.615734632002954,2.0105728685935915,1.938104174459535,1.8794060992216906,1.944504285110323,1.7683785249856254
2000-04-01,1.7205402486482457,1.9954926153401384,1.9314397847224054,1.8745704048534702,1.9354550596752789,1.7810528190819828
2000-05-01,1.5844623098848243,1.9825010296951102,1.9268077309588705,1.872857448818341,1.9286737457054934,1.7976544145222202
2000-06-01,1.5653818088779328,1.9614366852608223,1.9174498411279093,1.866143734283543,1.9179572012400616,1.8072473522073924
2000-07-01,1.5489705397453029,1.9421062258722643,1.9078061993176385,1.85869612322397,1.9065130266197432,1.8231372241528196
2000-08-01,1.5693306270624556,1.9263723171520246,1.9002338763060613,1.8541880877875525,1.8975895885382836,1.8338766732262575
2000-09-01,1.6160180285832029,1.916759612903381,1.8962600172724406,1.8548225682799617,1.8926523103704924,1.8458110303503954
2000-10-01,1.591244039173963,1.9074462548067639,1.8915267705776675,1.85451403819007,1.886900613032131,1.8457970903485772
2000-11-01,1.5523829320570983,1.8965580736621679,1.886505427889536,1.8523448471036321,1.8805169839106153,1.8475656790765167
2000-12-01,1.6378516375393681,1.890702026862566,1.8864903695205328,1.8551046991388171,1.8783678443733143,1.8614186728693587
2001-01-01,1.7368520271480263,1.8869030316347395,1.8886212582361772,1.863139393448872,1.8795997403662679,1.875663186857649
2001-02-01,1.7802771572843672,1.857767451929329,1.8591100330818313,1.8593147656450206,1.8437253844416528,1.9461642493989477
2001-03-01,1.8834152123373784,1.8465228638192817,1.8564158631266638,1.8589601432666512,1.8430487406527587,1.9436115893593673
2001-04-01,1.9890188533337787,1.8332520446714433,1.8501187056377812,1.8529561278536733,1.8388630141674185,1.9453477144183622
2001-05-01,1.8576887329637173,1.8203835749410004,1.8451798906426868,1.8457959512976194,1.83574538234044,1.9235613119611994
2001-06-01,1.8852834934939096,1.8062135608311938,1.8361157993374155,1.8360704699639514,1.8276642405182533,1.8956545814787171
2001-07-01,1.8754043336701047,1.7912391211331733,1.825740593822554,1.8250425117519204,1.8178026130381826,1.8709511068622353
2001-08-01,1.8779128510332725,1.7792563853389953,1.8170606660774846,1.8155975816359122,1.8094380095244305,1.8530696041294692
2001-09-01,2.111357863913021,1.7660228215746783,1.8061308958411935,1.802712446748087,1.7988207944792818,1.8378518449975312
2001-10-01,1.9297818974722378,1.753756752914305,1.796742414578221,1.790457262274366,1.7897047236716577,1.8258625435641036
2001-11-01,1.934016379351584,1.7381552927705004,1.7823243908021338,1.7742665724721847,1.7757404481823207,1.8117646540706691
2001-12-01,1.9595234520426072,1.7227445395226197,1.7688313236075635,1.759594114678839,1.7632572725322475,1.794936071413155
2002-01-01,1.8844027314155698,1.705030675612386,1.7520160394831925,1.741802484894064,1.7472684443717001,1.7731097478369238
2002-02-01,1.8429243354942733,1.6919891214535667,1.7396902316524472,1.7291177276565517,1.7358750114224797,1.7479149946516745
2002-03-01,1.7598813184303188,1.6819746657493182,1.728018680359523,1.7184380480144428,1.7245665606766474,1.7274340058486393
2002-04-01,1.6541705906942281,1.678036096789293,1.7215835072341001,1.7123653813631459,1.7186167172940325,1.710446824191805
2002-05-01,1.6302402834159455,1.6735105315491987,1.7128172982852203,1.703120181653365,1.7104804429267062,1.6959945490325292
2002-06-01,1.6056180390067534,1.672962429493554,1.7079053621523317,1.6962578000436428,1.7066312662521466,1.6814150165799293
2002-07-01,1.6298874472109346,1.6761922608782107,1.7061477533777334,1.6937922337492382,1.7063814670516373,1.6699214720437414
2002-08-01,1.6507497583066049,1.683022155792928,1.70937003227984,1.6958736962414298,1.7104678606950356,1.6699102754793838
2002-09-01,1.622306283547793,1.5856764227604228,1.6361219522803583,1.6549358704289683,1.634963977108641,1.5840532562101028
2002-10-01,1.6494817863354794,1.6071666226087828,1.6535547348204622,1.6665348454429678,1.6542677315739243,1.6020323885847114
2002-11-01,1.6877949365759222,1.6338549636931277,1.6768639133670138,1.6848289316450638,1.6803140909724745,1.620251457577635
2002-12-01,1.6471542454494956,1.6600521583878969,1.6981576885445875,1.702806153892675,1.7041113334195057,1.638307212821431
2003-01-01,1.6390396908917393,1.6851984550218242,1.718148044348915,1.7213510778821055,1.725760801732351,1.6592196720763146
2003-02-01,1.6426432513083058,1.7059255344575215,1.733365007564235,1.7354935643005394,1.741860943721931,1.6810597237979954
2003-03-01,1.6064445468648478,1.7222933606950805,1.7451257873103183,1.743290382181366,1.7543516233918537,1.7006685181132442
2003-04-01,1.6121993183159569,1.732198204474118,1.752787185408321,1.749104648110712,1.7627484292872684,1.7142916054684239
2003-05-01,1.6795724659562004,1.741223630946499,1.7611255259463683,1.75762072358448,1.7718110692244362,1.7308273677292207
2003-06-01,1.6820218956242368,1.7470148586766816,1.7671290442330028,1.7660216482300373,1.777885834579556,1.7523681275644443
2003-07-01,1.7108370735224463,1.7533936916682935,1.774146763936898,1.7750477210111362,1.7847108179684437,1.7738423026905135
2003-08-01,1.7647156169982905,1.766064248232328,1.7858913698459105,1.7890165546103063,1.7968568414921255,1.7870130935728818
2003-09-01,1.6001904183536697,1.7855499288104377,1.8032055579195272,1.8089197243836541,1.8145879980862987,1.7914273915320102
2003-10-01,1.5006708037956118,1.809598672114287,1.8228536323517235,1.8316517224123985,1.8344842112826403,1.796174965439162
2003-11-01,1.4497679046295,1.825351720967369,1.8332909402732631,1.843044595893694,1.843960204832236,1.802205843702004
2003-12-01,1.3839307579042497,1.836633423938988,1.8399496853471207,1.8501704233701528,1.8491198418365855,1.8103652471467035
2004-01-01,1.349431681246805,1.8506683512082696,1.8489719710229213,1.8569320443016195,1.857293532546006,1.824848059517497
2004-02-01,1.403154598294669,1.8702499860245867,1.8651217584414401,1.8711974360608168,1.8727700929816433,1.8434508934214304
2004-03-01,1.44443145958761,1.88950423586981,1.8824973361356194,1.887297289995631,1.889735737754979,1.8574233979449992
2004-04-01,1.4957865410262199,1.9030151036888892,1.8950960384689535,1.899363353439479,1.9014858485081616,1.8683946261107267
2004-05-01,1.6518825995456716,1.923651954684573,1.9145245992315054,1.9177593201938092,1.920593165115485,1.8793432339471088
2004-06-01,1.581656555043001,1.9506808711657806,1.9392842462476536,1.9415791802246674,1.9454785179078502,1.896042590793153
2004-07-01,1.5521533618233398,1.9763336143099268,1.9621210560782032,1.9639977518809766,1.9683850056574488,1.9079264125261923
2004-08-01,1.563356857541041,1.982311500984042,1.966473834796495,1.9672997236743688,1.9721546728645836,1.9089173416618184
2004-09-01,1.587239020916916,1.9765761338781593,1.960268660413422,1.960696111370797,1.964607534539869,1.9105743839856437
2004-10-01,1.5963513860356302,1.9673043308529352,1.9528709952019092,1.9527334782799617,1.9559119770956546,1.9130009475790304
2004-11-01,1.5980375564887577,1.9610744106359996,1.9492428266155388,1.9500877570733757,1.9514888913083006,1.9148014547668393
2004-12-01,1.5720513862047731,1.955322752673798,1.946740467521833,1.9488907059875973,1.9484673305565274,1.9105983080304971
2005-01-01,1.5126254303383824,1.9429256566721114,1.9376923538981887,1.94389260508202,1.9385257060829888,1.8986155421380209
2005-02-01,1.4651982544131372,1.9321880393293362,1.9296338270870708,1.938683970651746,1.9304210760568785,1.8828127240973456
2005-03-01,1.4264847106661414,1.825171819067117,1.8467838870115094,1.8767994307454137,1.8471020352250453,1.7646932844633922
2005-04-01,1.4130909755920995,1.8328969868692817,1.8506213883611176,1.8775425821030338,1.8517969862263883,1.7748279277647525
2005-05-01,1.4141959710357765,1.8346493619935054,1.8482604850981892,1.8731386666990877,1.8492520003895208,1.7831811417637164
2005-06-01,1.4697223862953053,1.832593256919569,1.8444548396309632,1.8678229606506331,1.8455153557562989,1.7847718660368799
2005-07-01,1.520444515685597,1.8292932125742347,1.8402252685319742,1.8616569396723914,1.8413024308555386,1.7904153112077577
2005-08-01,1.5719486506420162,1.8285533356054735,1.8393786680926223,1.8597753014724268,1.8408681519127046,1.802636226812574
2005-09-01,1.628764719670653,1.831622641414552,1.841326863499493,1.858350658792691,1.8430887764821102,1.8180745449483307
2005-10-01,1.6792256629471787,1.8250390177065472,1.8329887418186637,1.8491957723053478,1.8351481439344948,1.8227671708898177
2005-11-01,1.6586013534351465,1.8090592955147462,1.8157602178055905,1.8319226116442644,1.8180980247660445,1.8136854832438676
2005-12-01,1.6791782188652074,1.7850601084200655,1.7903343027482481,1.8070406031178174,1.7929868846472519,1.797743430925359
2006-01-01,1.7536178252239678,1.7550345224515869,1.7603558122708143,1.7759330306756873,1.763160038216849,1.7751921228400138
2006-02-01,1.753439692657685,1.721437249719992,1.7268834329080762,1.741969979476298,1.7291582565511996,1.752455844882215
2006-03-01,1.7194933746336254,1.68747324121504,1.6949695498819015,1.711500548624006,1.6964977272359685,1.7254511902417957
2006-04-01,1.7690294625399812,1.6531762635814025,1.6622232752160757,1.6811818266617546,1.6630023076243114,1.6951424409286138
2006-05-01,1.6948010051411881,1.6133866025204626,1.6251473365012121,1.6461305591256208,1.6256564437000582,1.6599698479911371
2006-06-01,1.7375207644777584,1.5699738064450959,1.5830952979728077,1.6055377060531268,1.5826543519376362,1.6223279864597302
2006-07-01,1.7796271275682396,1.5196510629447586,1.5352578676727344,1.5601729334927785,1.5340493219831457,1.5748477471771203
2006-08-01,1.7706252090627854,1.4676186452202185,1.4854183008372948,1.5135888286432009,1.483525504190121,1.519303279981103
2006-09-01,1.7554481889629583,1.4099272276419517,1.4305733087130514,1.46368049810157,1.4289098741822064,1.4545267956962153
2006-10-01,1.8185981027285927,1.3492288912654133,1.3731770610888552,1.4111921989676544,1.3713821205630026,1.3899776334321021
2006-11-01,1.8282428856676507,1.2920965720722082,1.3191720139775676,1.3608625707990116,1.3170501091465447,1.3343750043644342
2006-12-01,1.8673500533420244,1.2382023312658506,1.268711959476591,1.3129320974126357,1.2661577040711023,1.2859871596362409
2007-01-01,1.887048046638922,1.1921844189645407,1.2246607472658388,1.2714163492215504,1.2224362961360358,1.2414125761292567
2007-02-01,1.8309961857465993,1.1474978814361942,1.1817106376159046,1.2323891810764178,1.1799405412039714,1.1960683410485151
2007-03-01,1.8351603616023022,1.1041662823259577,1.1403920464315727,1.1952364372689552,1.1390430711233321,1.1510245444198581
2007-04-01,1.9523129507362404,1.0577065724484904,1.0975301042265082,1.1564700700041168,1.0961077388533866,1.1084269622767822
2007-05-01,1.8618676492747306,1.0060131447920633,1.0498627039520305,1.1136011860586237,1.048719905625417,1.0623562529870199
2007-06-01,1.8429830524287705,0.9444453224066498,0.9941990439486633,1.0644169596268263,0.993603719294789,1.00485949382725
2007-07-01,1.8174529731149447,0.8785472249642058,0.9330299203231746,1.0108103395989672,0.9324742696204535,0.9435931317369571
2007-08-01,1.9230115527871388,0.8136482927553839,0.8735973561668396,0.9587102084044047,0.8725505228960836,0.8858229364489544
2007-09-01,1.8459447695705051,0.7425508464189832,0.8074639321951298,0.9006125176452614,0.8049518772854269,0.8278227878393752
2007-10-01,1.764422539111388,0.6635549409139203,0.7346702743118346,0.8355261431747348,0.7311516111174101,0.7647890579879509
2007-11-01,1.7223956256167006,0.5622278475514969,0.6406645909434903,0.7507544036935415,0.6358592685161758,0.6821915226495421
2007-12-01,1.698673987103747,0.4433313010347241,0.5299472496471448,0.6533954952294243,0.5239841942860489,0.584057398075692
2008-01-01,1.6881331875137087,0.2916805645238349,0.38779520591742817,0.5284610797860958,0.381418522412392,0.45172717957348896
2008-02-01,1.8112195716522566,0.09125821732870776,0.20264650263535655,0.368794567362487,0.1970406739436065,0.2755337767868758
2008-03-01,1.8683811881771422,-0.1588156410302941,-0.026800854742775843,0.16977217064363676,-0.03134151263121837,0.054255136024529534
2008-04-01,1.8599508283458446,-0.47892825467879163,-0.31784223994463223,-0.0781042305753394,-0.32246897566867405,-0.21830179846337788
2008-05-01,1.7775089298137003,-0.8411461444022387,-0.649398486909822,-0.3601635071966165,-0.6573785241840396,-0.5292164221034311
2008-06-01,1.7173730159303255,-1.2599813362664507,-1.0439101948873464,-0.7019250477103438,-1.0559862543228715,-0.8871231174030973
2008-07-01,1.7334780891403245,-1.7053402521166718,-1.4790406065756654,-1.099268274915427,-1.4943705130553628,-1.2805430658803771
2008-08-01,1.6708389626487656,-2.124607930117521,-1.9278809035294666,-1.5504294507080003,-1.942889491783531,-1.7198702274965072
2008-09-01,1.7453054353248203,-2.4049253561455335,-2.2654090163350897,-1.9562346623104356,-2.2768359473961577,-2.0998464873708476
2008-10-01,1.894893483558878,-2.5319588675684153,-2.458392110899428,-2.257128141687035,-2.465080881533763,-2.3831160853469155
2008-11-01,1.890773094910437,-2.5613322826588756,-2.534472331652928,-2.4329012412845366,-2.536834819389966,-2.5323677519774255
2008-12-01,2.1522575338061603,-2.5447323745038584,-2.5462119021285328,-2.514210967639636,-2.545592533293285,-2.601173753540023
2009-01-01,2.1570867521785884,-2.4900158968386084,-2.5003602372186546,-2.5099489175728738,-2.49940523109642,-2.568761265085777
2009-02-01,2.053336346518523,-2.4004220548714756,-2.4147234418695995,-2.4505082624044148,-2.414121819124975,-2.4839034168869625
2009-03-01,2.0362171442167942,-2.3139805097702006,-2.3280196555554995,-2.37577844376761,-2.327346034660749,-2.3854904577618217
2009-04-01,1.8999052854204836,-2.2352059411184904,-2.2503027302839214,-2.3013368700314776,-2.249041494304344,-2.31001273651906
2009-05-01,1.8864611942462846,-2.1671215843338425,-2.1814770266717933,-2.2331909050738092,-2.1787396660180165,-2.242900332090274
2009-06-01,1.783920081153568,-2.089950699222563,-2.1002845878754246,-2.1527734402291396,-2.0966498194577983,-2.170508428297935
2009-07-01,1.6847726181780553,-2.0024898782656164,-2.0101356302045925,-2.0641752593058826,-2.0053728491943374,-2.0965831856741435
2009-08-01,1.5873174103218677,-1.9124432375445746,-1.9144015148900708,-1.9679480624892316,-1.9093743324534567,-2.014845999211024
2009-09-01,1.4996841380504762,-1.8278949467321013,-1.8265351724968943,-1.8759776251759852,-1.8210883148541022,-1.9373613108400627
2009-10-01,1.471043443406739,-1.7467998178589226,-1.7415574354524124,-1.7847164025085962,-1.7361323411662966,-1.8530417579319032
2009-11-01,1.4514225768513942,-1.657379593844075,-1.6502268506574902,-1.6876730382446472,-1.6433045168628813,-1.76715305730629
2009-12-01,1.3667877186890849,-1.5640450735291227,-1.5546201382725835,-1.5893565302081232,-1.5464847741195384,-1.6782862100886147
2010-01-01,1.2252321059744513,-1.4779679454742454,-1.467180287495296,-1.498084865016979,-1.4576948575760738,-1.5983456570104844
2010-02-01,1.265337233928798,-1.4060526832843894,-1.3934653146893525,-1.4209144060124153,-1.3833763341974459,-1.5300981812091854
2010-03-01,1.2001803817185235,-1.341858409073046,-1.3280020785164501,-1.3511150979035014,-1.3181027438402404,-1.469262209562315
2010-04-01,1.2054827639607038,-1.2705757720019841,-1.2553763485519787,-1.2779038868324708,-1.2455973914407001,-1.4003987953724857
2010-05-01,1.2638221039134616,-1.2055620772679243,-1.1899346546603298,-1.2108303524910236,-1.1802799076954857,-1.3391048698452013
2010-06-01,1.246698565860478,-1.1564895899343934,-1.1426364308260428,-1.1604610358016156,-1.1321114551245108,-1.2975554513482428
2010-07-01,1.2129145430615418,-1.139457705455496,-1.128642289417507,-1.1418922288466637,-1.1174714931480618,-1.2875806083480454
2010-08-01,1.268385877972592,-1.1360116491263963,-1.1305409819367485,-1.1416629670592247,-1.1183691912089748,-1.2922519009380176
2010-09-01,1.2824344408203818,-1.1474333359226976,-1.1474648435609394,-1.1591979049990826,-1.1344603298834,-1.3094365833894632
2010-10-01,1.3420765403102963,-1.1656942356192037,-1.1719236727909375,-1.18364403580889,-1.1573934955116656,-1.3312409302094073
2010-11-01,1.3385954060508567,-1.1976724222599469,-1.2093061347766363,-1.219274439460468,-1.1942280755341648,-1.3638137955874554
2010-12-01,1.3667256126529193,-1.2302831670657848,-1.2486148718706915,-1.2568180297806533,-1.2332657855655247,-1.390825123752884
2011-01-01,1.373359624559084,-1.2651203565353237,-1.2919870436668799,-1.2997729754330887,-1.2781123985323064,-1.4248422361388473
2011-02-01,1.4867830950193237,-1.2963052523416672,-1.3321663729406787,-1.336815102791033,-1.3201268976006744,-1.450509042334826
2011-03-01,1.575106443895593,-1.3402350174570323,-1.383384715587718,-1.3847487273443981,-1.3725296059321868,-1.4922924097219272
2011-04-01,1.6731251629831592,-1.4002531165185494,-1.4486918086641174,-1.4467590372427832,-1.4371236287157143,-1.5449214269261982
2011-05-01,1.795534011913357,-1.4687549659584638,-1.522381166013488,-1.5183340311770503,-1.510175344424134,-1.6074148452848762
2011-06-01,1.9290129798618834,-1.5203508971426154,-1.5794332063863294,-1.5732926618352312,-1.5688078974731583,-1.6420332032103426
2011-07-01,2.272051567061905,-1.5462683428519612,-1.6102248116728302,-1.6011091212907904,-1.6011689781017586,-1.6512393211499845
2011-08-01,2.6054840500583984,-1.5617067287842674,-1.6266699646961207,-1.6143976848322419,-1.619107386654955,-1.646899061488235
2011-09-01,2.458788965224514,-1.5711611196568644,-1.6335594273605396,-1.618656940297887,-1.6273111664580147,-1.6406369469183455
2011-10-01,2.3452720724998435,-1.583442254613496,-1.639388984332191,-1.6250676097169365,-1.6361979510220679,-1.6339791105455923
2011-11-01,2.281022961210429,-1.5910010949098237,-1.6401908958896305,-1.6289980592980446,-1.641102098012623,-1.6191230432950676
2011-12-01,2.191353996918322,-1.5944917147511393,-1.6343556400728585,-1.6228025701213047,-1.6374787749403295,-1.6067788971862043
2012-01-01,2.1576791800024004,-1.5771495388497947,-1.6049462433323023,-1.5913753726354363,-1.6055176269661415,-1.5766160926675974
2012-02-01,2.0923972398158552,-1.5493605124427463,-1.5653748248072863,-1.551623572677763,-1.5616505812020125,-1.5421995626107112
2012-03-01,2.011697396791427,-1.4799721479835672,-1.4903683655981617,-1.4816215545924198,-1.4814881436319163,-1.4758371652826037
2012-04-01,1.9512562721568607,-1.3902418282148337,-1.4017314966747827,-1.3953405543037338,-1.3915354015641421,-1.3972332468531747
2012-05-01,1.8811184311437457,-1.2642836588464277,-1.2785336212811902,-1.276221014215057,-1.2656418084595316,-1.2984534148138074
2012-06-01,1.850864432621841,-1.1440272068922563,-1.1590661103670648,-1.1597453932231032,-1.1401549270327496,-1.2162524524908007
2012-07-01,1.812288693180805,-1.0104932930301544,-1.0242351594614263,-1.027974665667081,-0.9972183658280026,-1.1315172272527323
2012-08-01,1.781969884064625,-0.8764750505957368,-0.8918577028645235,-0.895490005796764,-0.8558126283581893,-1.0417992384589596
2012-09-01,1.782156231683234,-0.7159409026282908,-0.7365513800167918,-0.7365502229015592,-0.6912492709521957,-0.9265843088862437
2012-10-01,1.757678782661234,-0.5321202395551112,-0.5628698165931116,-0.5635849204365381,-0.5068755235011205,-0.7952686184302993
2012-11-01,1.7341368071449166,-0.31598080106792154,-0.36001187537865936,-0.3606501081426621,-0.29054634158284803,-0.6468087441634183
2012-12-01,1.809024561072283,-0.08971426266636438,-0.14569715367560657,-0.14916406310459718,-0.06240711821997859,-0.4854066482807509
2013-01-01,1.7280406566246849,0.1448679413363652,0.0743644876267868,0.07180380419211442,0.16064887422025123,-0.31152256348008617
2013-02-01,1.6375731526831652,0.3920915496535997,0.30935016190750847,0.3045641570133999,0.39696318680585707,-0.13707079489906715
2013-03-01,1.6337020867966385,0.6740747273819444,0.5759364934985589,0.5724516990957934,0.661890683745046,0.060307195318471854
2013-04-01,1.5872993635999706,0.9963281981141061,0.8860353860806319,0.87989052268773,0.9820991717701694,0.28846164868766727
2013-05-01,1.5523693671264098,1.336725458503465,1.2159489260037355,1.2127502430410515,1.318296887996734,0.5716151890966327
2013-06-01,1.5395610337472354,1.6670482268407225,1.5515805615700304,1.5530213692759638,1.650294180876682,0.8958380450087629
2013-07-01,1.5223107304454873,1.950131456152355,1.855021703775203,1.860515653258591,1.9378560365352682,1.2612735742760819
2013-08-01,1.518236004288916,2.18475295391751,2.1202917451607983,2.126425028885726,2.1785018371212734,1.6332277156110906
2013-09-01,1.5127984894529005,2.324704315617182,2.291051877707821,2.295496244809061,2.3264155780697533,1.9489931666517089
2013-10-01,1.5930254621355007,2.377986106208967,2.367277494932858,2.376261542039715,2.3864499794230896,2.1621566576898767
2013-11-01,1.5219441154248046,2.3501906888665265,2.3580122844803397,2.3706334993783904,2.3658611582202314,2.2683723088744343
2013-12-01,1.5441474437893927,2.2914209690084744,2.3073933141801444,2.3198842105878312,2.3071730587695125,2.3030199519894854
2014-01-01,1.5560698518513123,2.222348354577959,2.240669818433428,2.2452242179628388,2.2468422135171804,2.2758773880788676
2014-02-01,1.6209216189661018,2.149387501497593,2.1658204214504884,2.1667449385856297,2.178413921788571,2.2233260116627225
2014-03-01,1.605971631362053,2.0557312555796234,2.0753217742941157,2.076418192450765,2.0947108491082025,2.1369575075173173
2014-04-01,1.6156511803517326,1.9541220537498618,1.9780198894078183,1.9836388714583852,1.9929102609936642,2.045134898064209
2014-05-01,1.6479218948056729,1.8504740702590696,1.8808092479423901,1.891131408573273,1.8921932896479947,1.939997076030414
2014-06-01,1.6560136063240019,1.7702967728924441,1.8011384821628453,1.8139401754583797,1.8096178100375742,1.8534573717503542
2014-07-01,1.6643788585732688,1.6994621745020142,1.729189648998416,1.7442760559032486,1.7356382646830708,1.769184147269654
2014-08-01,1.6185859256902375,1.62952814648111,1.6582774509813787,1.6772088283593722,1.6633119812019064,1.6906545675970712
2014-09-01,1.5869009406442527,1.5626752017636674,1.59058351329617,1.6126648588429382,1.5931582049102095,1.6184900829182611
2014-10-01,1.6032476332003116,1.5086849981366162,1.5382326135769784,1.564602904286101,1.5368283821134687,1.5675565602337806
2014-11-01,1.579740435068709,1.4771899174367062,1.5067725373289067,1.5346735753799066,1.5021992238833395,1.5307554391262728
2014-12-01,1.6262160761055873,1.4563355239760414,1.4864339277780299,1.5166215470947375,1.479584348746681,1.5012265311797268
2015-01-01,1.652790309794754,1.4362065599075662,1.466419724361051,1.5003534733396044,1.4527784721923684,1.4813833802932825
2015-02-01,1.764225586020055,1.4252153873515536,1.454092317807472,1.4904597014001089,1.4335047353750696,1.4775381349723866
2015-03-01,1.6953458704694528,1.4288827925324856,1.4552487616730556,1.4922514065353631,1.42856081777148,1.4879200456202542
2015-04-01,1.6686979286000538,1.4388050077898495,1.4646028115245966,1.4993205401433425,1.4381763991160315,1.4973889598692072
2015-05-01,1.6324741685622888,1.4536336175368822,1.4801779667314297,1.5109118114709197,1.4545858496637591,1.511230689703608
2015-06-01,1.622611829297976,1.460821425893065,1.4903856815977292,1.5171867821207161,1.4655764937441258,1.5197864766863705
2015-07-01,1.6210857483763628,1.4735573065171783,1.503107215263467,1.5267272455888767,1.478989942470453,1.52952638586359
2015-08-01,1.6191432713708438,1.491773373717315,1.5194978120505083,1.5397459412488983,1.4958933039886877,1.540243216765209
2015-09-01,1.6244392307006157,1.5128790837402981,1.5381024509836978,1.555766883633917,1.515790273817767,1.5481971164446735
2015-10-01,1.6037096114006617,1.5346478377715158,1.5586000177037078,1.571629958000149,1.539033167313885,1.558049089527021
2015-11-01,1.6580308842544365,1.5454055177823076,1.5694246453039105,1.5791475274953422,1.5518050010117543,1.565032833621307
2015-12-01,1.6666814052391707,1.5671096575914145,1.5919358928994687,1.5981375891700744,1.5758163217546968,1.586879379646212
2016-01-01,1.7802413458317083,1.5974963994034597,1.6234558757550672,1.626066752181088,1.6074943459411624,1.61537516582841
2016-02-01,1.8044225590895937,1.6312476983773934,1.6602369957292393,1.6615759928456164,1.6453452534032758,1.6438582384532736
2016-03-01,1.7975727714612124,1.6530279617132226,1.6845294537301347,1.6849398457960343,1.6717021013195346,1.6597006506626755
2016-04-01,1.8157775438088692,1.6790325651271616,1.7101545680833032,1.7104422031796318,1.70006873609326,1.6824188937741895
2016-05-01,1.811500113790615,1.7071228490610835,1.7351920733159127,1.73347817222059,1.7272309421888288,1.7065593982288998
2016-06-01,1.807077370544235,1.7381441699589406,1.7621455750696724,1.7596931112971048,1.7553638376712017,1.7373172309180178
2016-07-01,1.7905628289871958,1.758752922679232,1.784162557565831,1.7802617444638158,1.7795064245704701,1.7570789095300319
2016-08-01,1.8049892845772888,1.7759591471013862,1.804315353937025,1.798193479348996,1.8027693413277939,1.7763629953701097
2016-09-01,1.7880936738098807,1.7922914291338596,1.8255177128139017,1.8163659745115344,1.827153757450523,1.7951147863573929
2016-10-01,1.7860115375199843,1.803551889248706,1.836527742547486,1.8254527626436785,1.839933975399637,1.8064850226891822
2016-11-01,1.789149983084388,1.8209136466116522,1.8500338170858521,1.8388183283323376,1.8550400985153668,1.8222792045620126
2016-12-01,1.742298617263072,1.8272760371722983,1.8506886915145342,1.8399317291178692,1.8572419521115107,1.8268807648915648
2017-01-01,1.7480756730549407,1.8296960842721481,1.849303562552295,1.8407680424659867,1.8573942482166799,1.8267034446500385
2017-02-01,1.7430352478083655,1.8187793484366226,1.8380424208948691,1.8315031114941978,1.8467292945768008,1.8140182106780705
2017-03-01,1.736701143819616,1.8146557573605475,1.833156916534405,1.8280972229188635,1.841594975605139,1.8103866886007862
2017-04-01,1.715146886224888,1.8114877755036705,1.829091032171138,1.8252249220397385,1.8360444575967105,1.8109088170447243
2017-05-01,1.6849143091956276,1.8102700618193388,1.8262252798678758,1.8248486230824679,1.8310684884250403,1.815691420058114
2017-06-01,1.6267228948456551,1.8070070517056271,1.8235829667561405,1.8263415011643198,1.8261433319771974,1.816637214066123
2017-07-01,1.6133327482565074,1.8053505103413643,1.819980412520198,1.8267970051208051,1.81961694146639,1.8269909362981378
2017-08-01,1.5925749533385964,1.797364812862232,1.8098782673471518,1.820579328719009,1.8071252012193382,1.8256564228730463
2017-09-01,1.5658085452770418,1.7994931920963382,1.8079908913924827,1.8197646437045287,1.803895360225212,1.832837942564535
2017-10-01,1.556940665261009,1.807648343852196,1.8133851079210292,1.825315603877346,1.8089942329226862,1.840107594676144
2017-11-01,1.5261510616939942,1.8214458363071198,1.824455567869418,1.8359242917009482,1.8207274764664967,1.852182045817024
2017-12-01,1.5220980364504464,1.8260756165879468,1.8263072013776858,1.839780135972934,1.8228577354548887,1.8541661516980206
2018-01-01,1.4706422429509318,1.8190842107278642,1.815925073556246,1.8299746364033536,1.8136497894369017,1.8475926347420213
2018-02-01,1.4544315394002307,1.8215368550458675,1.8134524590713443,1.8269218679422734,1.812004417751519,1.8500183268095018
2018-03-01,1.461513037950437,1.8117418851129439,1.8015704176609846,1.8157911921584018,1.7985324947336039,1.84322404694487
2018-04-01,1.4339995780037997,1.8000915034422265,1.7896976257075956,1.8066198692703195,1.7854056142695505,1.8268595027671464
2018-05-01,1.4605631356310322,1.7854620372845897,1.7758906892756745,1.795448940511963,1.771767889922393,1.8058668132382092
2018-06-01,1.4803939019106238,1.7757903392749208,1.7652741288758749,1.7852789940344749,1.7646572262347322,1.7857705967202289
2018-07-01,1.4574627416011845,1.7653641273580656,1.7560990484336145,1.7771562960267893,1.75930277921368,1.7671807753153368
2018-08-01,1.458806537724782,1.7427399739252032,1.7355781103736114,1.7599326579875756,1.7413131375541189,1.7429948279541703
2018-09-01,1.4456518991616403,1.7141538371275247,1.7113346191793786,1.7364253913313614,1.7178816460530975,1.7174749946616246
2018-10-01,1.4022757806669417,1.6821711869509128,1.6864053809581443,1.7103488804757305,1.6923971224730647,1.6933744884710065
2018-11-01,1.3802258972505985,1.6492794026631254,1.6619465746120614,1.6845376161208947,1.6673250049569592,1.661128022784839
2018-12-01,1.5277332671896486,1.6155737634172282,1.6362762604662988,1.6611991123071803,1.6416230673167895,1.6253737125834828
2019-01-01,1.5814428283413746,1.5783281819615114,1.6049647527918227,1.6356752596410253,1.6109393267008387,1.5812915923623017
2019-02-01,1.587103153318575,1.5396920494979134,1.5718987025377447,1.607726293791141,1.578119999689164,1.5397354510614762
2019-03-01,1.60075565977167,1.50354241148149,1.5414864491639266,1.5834089610272515,1.5490471536685226,1.5024057360471115
2019-04-01,1.5943572043763934,1.4717748078814776,1.513288092551922,1.558932298034274,1.520743431346997,1.47456653203298
2019-05-01,1.7002137965362583,1.4583627553844518,1.4985587189902756,1.5458943950962363,1.5067080272571673,1.4600921193708738
2019-06-01,1.8276115302266978,1.4475099575660086,1.4883343057124727,1.5353692968726358,1.4950215301046792,1.4505260899386319
2019-07-01,1.857978578071567,1.4436451783430104,1.483854885986014,1.5298728068965988,1.4896844920438004,1.441638490000928
2019-08-01,1.8903799769862684,1.4326773987210968,1.4768051073950828,1.5221012169956532,1.4806431026755722,1.4301511490639056
2019-09-01,1.9403633114536043,1.4308418019189317,1.4735083416494763,1.5202290942126366,1.476734124256482,1.4204265090599786
2019-10-01,2.034503590060127,1.432182054112058,1.470939015638172,1.5204723109673617,1.4742866054817794,1.4125479150711708
2019-11-01,2.0593404593263696,1.4324423065077265,1.4663174984136773,1.5187645606436664,1.4694525516619847,1.409940756777771
2019-12-01,2.040872599207298,1.4406867198559141,1.4700529310840922,1.5205932796584485,1.4725692725348543,1.4180633133623657
2020-01-01,2.0274770566975464,1.4602245644192071,1.4864474935804568,1.531560681275495,1.4871607653425487,1.440566832023576
2020-02-01,1.983906229817525,1.4811686732055076,1.5045155498222742,1.5443702195689604,1.503848954779942,1.461264168337824
2020-03-01,2.5768659754696324,1.4639108581026237,1.4904334912427748,1.5193932445066223,1.4862197610869774,1.4211216739489907
2020-04-01,3.385649002043833,1.5065193930502545,1.526307314280347,1.547158345890953,1.5231639236420946,1.4535922803246106
2020-05-01,3.5358608825204003,1.5384598598936927,1.5547282147131727,1.568912210492069,1.5514891299143414,1.4797572887757833
2020-06-01,3.168128974699661,1.6260543823133777,1.8639649107013556,1.7997011641510494,1.8574124829630723,1.5280118802324194
2020-07-01,2.8226190950291734,1.5788146450311538,1.683221546714935,1.7090190646583594,1.560899246290227,1.9570327056966064
2020-08-01,2.527582503617701,1.7941317543882531,1.793808451290823,1.8225941407582522,1.692058636028081,2.0078832822781214
2020-09-01,2.3953107860770326,2.0190346100221888,1.9113920979131798,1.8461778773675332,1.8486458246881263,1.4098909572577198
2020-10-01,2.244309936381937,2.1872077464524144,2.077035757141669,1.975465952705895,2.0710006340781786,1.7633889643287526
2020-11-01,2.1528957193802483,2.3277169801479527,2.2117453133707237,2.0898896601394856,2.2152149904178815,1.90657825860125
2020-12-01,2.055268714592263,2.4588944982097747,2.332044096580045,2.210178010467196,2.3596227780871586,2.116549945125889
2021-01-01,2.0161157928030162,2.607473275635074,2.453337073235292,2.332931686353445,2.481894932590201,2.242083737976067
2021-02-01,1.9812549261007806,2.6666282394084186,2.5141290021693266,2.3976270077673405,2.545402037752934,2.2977022990091003
2021-03-01,1.9362984463883464,2.645512893312432,2.502595109981722,2.395301423992515,2.5327733624732254,2.346579868864624
2021-04-01,1.8782819467746807,2.6461956749236237,2.521493284842763,2.424719793484464,2.5514589724992884,2.41724660558862
2021-05-01,1.8450215574174622,2.6687464125809073,2.5554228454564947,2.4662664810667763,2.5848767214772903,2.501889567369304
